Age,Farmsize,TechEngagement,RiskPref,DSTExperience,AdvisorExperience,True_DeltaPerformance_Q0,True_DeltaPerformance_Q1,True_DeltaPerformance_Q2,AIA_1,AIA_10,AIA_11,AIA_12,AIA_13,AIA_14,AIA_15,AIA_16,AIA_2,AIA_3,AIA_4,AIA_5,AIA_6,AIA_7,AIA_8,AIA_9,BI_1,BI_2,BI_3,Delta_WTP_Q0_relTo90,Delta_WTP_Q1_relTo90,Delta_WTP_Q2_relTo90,EE_1,EE_2,EE_3,PE_1,PE_2,PE_3,PE_4,SI_1,SI_2
-0.49043820668460997,-0.60255370966477,0.8701467503251634,0.9756159276745588,1.1045189458221696,1.4674405996578228,0.05,0.0,-0.1,5,1,3,5,1,2,2,2,2,0,2,3,3,0,0,3,6,4,0,0.960629,0.46153158,0.37588668,1,3,0,0,2,4,2,2,3
1.0178365503467293,-0.24643449591490596,-0.5996957333322074,1.6107825472543496,1.5491723056539608,1.0378619697814109,0.1,-0.05,-0.1,1,1,2,1,0,5,3,2,1,0,6,0,0,0,3,2,0,3,0,0.7884422,0.4792598,0.3608522,3,4,5,0,2,1,1,6,2
-0.452324804954095,0.10968471783495806,0.8701467503251634,-0.9298839310648138,1.5491723056539608,-1.53960980947706,-0.1,0.1,0.0,3,1,0,2,0,0,0,0,0,0,5,2,0,1,0,0,6,5,3,1.4045588,1.5165553,1.3890517,3,5,6,5,5,3,3,1,3
-0.14167607222415884,-0.9586729234146341,0.8701467503251634,0.02286599830487249,-0.22944113367320432,0.1787047100285873,0.0,-0.05,0.0,1,1,0,0,0,0,3,0,1,0,1,3,4,1,0,3,6,3,5,0.92207533,0.72147125,0.8411063,1,6,6,3,6,2,2,3,4
0.4847021969720391,-0.9586729234146341,1.3600942448776203,-0.29471731148502295,-1.118747853336787,-1.1100311796006481,-0.05,0.05,-0.05,1,2,0,0,0,2,0,1,1,0,2,1,1,0,0,0,6,3,3,0.9636115,1.0989375,0.92001784,2,1,3,3,4,4,1,0,1
-0.5969090982609246,1.5341615728344142,0.38019925577270647,-0.6123006212749184,1.1045189458221696,-0.6804525497242363,0.0,-0.1,-0.1,2,3,2,3,3,4,5,2,0,0,6,1,5,2,2,5,6,4,6,0.97626936,0.4143598,0.48194176,1,6,3,0,4,4,2,2,1
1.6617426941624962,-1.670911350914362,0.38019925577270647,-1.5650505506446046,-0.22944113367320432,-1.53960980947706,0.05,-0.05,-0.1,0,0,0,0,0,0,3,1,0,0,0,0,0,0,0,0,6,6,4,2.0210626,1.9716182,1.6199875,4,5,6,3,3,2,2,2,0
-1.0023763999694026,-0.9586729234146341,-1.5795907224371213,-1.5650505506446046,0.6598655859903783,1.0378619697814109,-0.1,-0.05,-0.1,3,0,0,1,0,5,1,3,1,0,3,1,0,5,4,4,5,4,4,0.590419,0.5042025,0.7952246,3,1,6,1,4,2,2,1,0
-0.041049832746303146,-0.24643449591490596,1.3600942448776203,1.2931992374644543,0.21521222615858698,-1.1100311796006481,0.05,0.0,-0.1,6,5,3,0,2,2,1,0,0,0,3,3,2,3,6,0,6,4,5,0.8073933,0.8824311,0.4966055,3,3,5,3,3,2,1,2,1
1.4074527573435736,-0.9586729234146341,-0.10974823877975046,0.3404493080947679,1.1045189458221696,1.4674405996578228,0.05,0.0,0.1,0,2,0,1,1,3,0,0,1,0,3,3,0,4,1,0,0,4,3,1.1043475,0.86478186,1.3708613,4,3,2,1,4,1,0,6,2
-0.8513605611623841,0.10968471783495806,-1.5795907224371213,-0.9298839310648138,0.6598655859903783,-0.25087391984782453,-0.05,0.0,-0.05,3,2,3,4,0,2,3,1,2,2,1,0,3,1,4,3,6,4,6,0.5474735,0.71498895,0.3774163,2,5,4,6,3,2,4,1,2
1.0948542473550762,-1.314792137164498,1.3600942448776203,-0.6123006212749184,-0.22944113367320432,-0.6804525497242363,-0.05,0.05,0.0,0,1,2,0,0,1,0,1,2,0,0,0,0,0,0,4,1,4,3,1.7856039,1.65018,1.3442488,2,3,4,0,1,2,4,2,2
0.35977217216474344,-0.24643449591490596,0.8701467503251634,1.6107825472543496,-0.6740944935049956,1.4674405996578228,-0.05,0.05,-0.1,4,3,4,5,4,3,3,2,4,0,3,2,1,2,5,5,0,3,2,0.17692551,0.07427125,0.021974277,0,1,3,3,3,0,0,4,1
0.33097745962087655,1.5341615728344142,-1.0896432278846644,0.3404493080947679,0.21521222615858698,0.1787047100285873,0.05,0.0,-0.05,2,3,2,5,1,3,3,2,3,3,5,3,4,4,4,6,6,2,6,0.11819962,0.3092903,0.2009465,2,6,2,1,0,2,1,2,2
-1.5974765958982207,-0.24643449591490596,0.38019925577270647,1.6107825472543496,-0.6740944935049956,1.0378619697814109,-0.1,-0.05,-0.05,4,3,4,5,3,2,0,2,4,4,5,1,5,5,5,3,2,1,3,-0.5331056,-0.41678703,-0.5025748,1,0,3,3,4,4,1,2,3
0.8027115857164158,-0.24643449591490596,0.38019925577270647,-0.29471731148502295,-1.118747853336787,1.0378619697814109,-0.1,0.0,0.0,2,3,0,3,3,1,3,6,2,1,1,3,3,3,3,6,3,4,4,0.5325844,0.17196274,0.44733682,1,3,0,3,0,2,0,2,2
1.596389839184766,-0.60255370966477,0.38019925577270647,1.2931992374644543,-0.22944113367320432,1.0378619697814109,0.1,-0.05,0.05,5,3,2,3,1,0,3,2,3,0,0,3,3,1,3,5,3,2,2,0.59953535,0.4789186,0.9177518,2,3,4,0,0,1,2,2,2
0.41831588998683633,0.10968471783495806,1.3600942448776203,-0.6123006212749184,-0.6740944935049956,1.4674405996578228,-0.1,0.05,0.05,0,3,0,5,1,0,3,2,4,2,0,0,6,1,3,0,1,2,0,0.27120346,0.81002843,0.14819852,1,1,0,1,3,4,1,2,0
-0.5390440162544379,-0.60255370966477,1.3600942448776203,0.6580326178846634,0.21521222615858698,-1.53960980947706,-0.1,0.0,0.05,2,3,2,3,5,3,5,0,2,2,1,2,4,4,3,0,3,4,6,0.82383704,1.076249,1.3565309,2,6,2,4,3,0,3,2,0
1.700769252953332,-0.9586729234146341,-0.5996957333322074,-1.5650505506446046,-0.22944113367320432,-0.6804525497242363,0.05,0.05,0.0,0,0,0,0,0,1,0,0,1,1,2,1,0,0,0,1,6,4,4,1.7247326,1.7585168,1.6304836,4,4,2,3,4,2,2,2,3
-1.2414015247220676,0.8219231453346861,1.3600942448776203,-0.6123006212749184,-1.5634012131685782,-0.6804525497242363,-0.05,0.0,-0.1,3,3,4,5,6,4,3,2,6,3,2,3,5,3,3,2,1,2,6,0.09901671,-0.17743772,-0.39894488,0,2,0,3,4,6,1,2,1
0.2665154524979925,1.1780423590845501,1.3600942448776203,-0.29471731148502295,-0.6740944935049956,-1.53960980947706,-0.1,0.1,-0.05,4,2,2,1,4,5,1,2,2,4,0,2,4,0,4,2,0,5,6,0.40126562,0.44975492,0.92981946,2,4,4,5,0,2,1,0,2
-1.2011883235103062,-0.24643449591490596,0.8701467503251634,-1.2474672408547092,1.1045189458221696,0.1787047100285873,-0.1,-0.1,0.05,0,3,0,3,0,3,0,1,1,0,0,1,1,1,2,2,6,6,5,0.7170899,0.42650303,0.41769546,2,4,3,0,4,2,0,2,0
-0.7965695717745243,0.10968471783495806,0.8701467503251634,-0.9298839310648138,-0.6740944935049956,-1.53960980947706,0.05,-0.1,-0.05,0,2,3,0,0,2,3,6,5,0,1,2,0,0,4,5,3,6,6,0.57660264,0.47922474,0.6152502,5,3,6,3,4,2,1,2,2
0.2334655550834505,-0.9586729234146341,1.3600942448776203,0.6580326178846634,-1.5634012131685782,0.1787047100285873,0.05,0.0,0.1,5,2,2,3,2,1,2,1,1,2,5,1,0,4,2,3,5,4,0,0.417408,0.28815025,0.8059362,1,3,0,1,3,2,2,3,0
-1.492968488944162,0.8219231453346861,-0.10974823877975046,1.2931992374644543,-0.6740944935049956,0.1787047100285873,-0.1,0.0,0.1,5,5,3,6,1,2,5,5,4,5,2,6,0,5,6,6,3,4,4,-0.5392282,-0.7170582,-0.028133571,4,3,0,1,2,2,2,4,1
0.03331694831974466,-0.9586729234146341,0.38019925577270647,1.2931992374644543,-0.6740944935049956,-0.25087391984782453,0.1,0.1,0.05,2,0,0,0,0,2,5,2,1,3,3,2,2,3,6,2,2,4,5,0.72029847,0.8095046,0.47787052,2,6,3,1,4,2,3,2,1
1.542463023303309,-0.24643449591490596,0.8701467503251634,0.9756159276745588,0.21521222615858698,1.0378619697814109,0.05,-0.1,0.1,1,2,2,0,2,1,4,1,0,0,3,3,1,1,0,3,1,1,4,0.9686947,0.69150484,0.9609548,3,6,4,1,0,2,1,1,3
-0.2879677195419645,-0.60255370966477,-1.0896432278846644,0.9756159276745588,0.21521222615858698,1.0378619697814109,0.05,-0.1,0.0,3,3,2,5,3,5,1,2,1,1,0,3,5,3,2,4,4,2,3,0.4196383,-0.08169861,0.32730454,2,4,0,0,0,3,1,3,4
-0.5871521338921887,1.5341615728344142,-1.0896432278846644,-0.29471731148502295,1.1045189458221696,0.608283339904999,-0.05,0.05,0.0,4,0,3,5,1,2,0,2,4,2,2,1,2,4,4,2,2,2,2,0.17510675,0.08524393,0.20260435,1,3,5,1,3,2,2,3,0
1.0768425217245576,1.5341615728344142,-1.5795907224371213,0.02286599830487249,-0.22944113367320432,1.4674405996578228,0.05,0.0,0.05,4,3,5,4,0,5,1,3,2,2,5,3,2,4,0,5,0,2,2,0.06907414,-0.026873535,-0.32716426,2,0,4,1,0,1,0,4,2
0.755889299304774,0.10968471783495806,0.8701467503251634,0.3404493080947679,1.5491723056539608,1.0378619697814109,0.1,0.1,0.0,2,2,0,2,0,2,0,1,0,0,3,2,1,4,1,1,6,6,3,1.0353645,1.1303518,0.85412586,2,4,1,1,0,2,1,2,2
0.6414301053915615,0.10968471783495806,-1.5795907224371213,1.2931992374644543,-1.5634012131685782,-0.6804525497242363,0.1,0.05,0.0,4,3,2,1,3,3,1,2,2,4,1,4,0,2,4,4,2,2,6,-0.03852047,0.14967081,0.03131975,2,1,5,3,0,2,1,5,5
0.5023121356864704,-1.314792137164498,-0.10974823877975046,-1.2474672408547092,1.5491723056539608,-0.6804525497242363,-0.1,-0.05,0.05,1,0,1,1,0,0,2,0,0,0,0,2,0,6,0,0,6,6,4,1.5961384,1.983633,2.0958793,2,6,6,3,2,3,2,1,0
-1.448600452552742,-1.314792137164498,1.3600942448776203,0.9756159276745588,-0.6740944935049956,-0.6804525497242363,-0.1,0.0,0.05,4,2,2,3,3,3,0,1,4,4,3,0,3,1,1,5,6,4,3,0.10580973,0.15176305,0.58339083,0,2,5,1,4,4,2,2,2
-0.28282030831757454,-0.60255370966477,-0.5996957333322074,1.2931992374644543,-1.5634012131685782,-1.1100311796006481,-0.05,0.05,-0.1,0,2,3,5,5,6,1,4,3,4,3,1,5,4,0,3,6,4,2,0.10548916,0.3452916,0.10967669,1,3,0,3,4,2,4,4,3
0.1539960888677683,0.8219231453346861,1.3600942448776203,-1.5650505506446046,0.21521222615858698,1.0378619697814109,-0.05,-0.05,0.1,4,2,2,4,1,0,1,2,2,0,0,1,2,0,5,0,4,3,6,0.9210659,0.54080456,0.66526794,1,3,3,0,0,0,2,2,0
0.8665903804931545,-0.24643449591490596,-0.5996957333322074,-0.6123006212749184,0.6598655859903783,0.608283339904999,-0.1,-0.1,0.1,5,2,3,1,1,6,1,0,1,0,1,3,0,4,2,0,4,4,4,0.6794327,1.0225302,0.81911033,2,3,6,0,0,2,3,4,2
0.3851720047178727,0.10968471783495806,-0.10974823877975046,0.6580326178846634,0.21521222615858698,-1.53960980947706,-0.1,-0.05,0.1,3,2,2,2,1,4,1,2,3,1,0,3,3,1,0,0,6,4,3,0.9065843,1.0066974,0.89423776,0,4,3,6,4,2,2,0,0
0.6850320683897639,0.8219231453346861,-0.5996957333322074,0.9756159276745588,0.21521222615858698,1.0378619697814109,0.05,0.0,-0.05,2,3,0,5,3,0,0,0,0,2,5,4,0,2,3,4,6,3,4,0.233916,0.2992588,0.14648665,1,5,6,1,0,2,0,4,2
-0.6342464441979219,-1.314792137164498,1.3600942448776203,-1.5650505506446046,-1.5634012131685782,0.1787047100285873,-0.05,0.05,0.05,2,2,0,1,0,1,0,2,4,2,1,2,5,2,1,5,6,4,5,0.76174134,0.8437393,0.7832634,0,1,3,3,4,5,1,2,0
0.338191710731126,1.1780423590845501,-0.10974823877975046,0.02286599830487249,1.5491723056539608,0.1787047100285873,0.1,0.1,0.0,3,2,0,0,2,1,1,2,1,4,0,1,0,3,1,2,3,4,6,0.57835925,0.76140445,0.9040512,2,4,2,1,2,2,0,1,4
-0.19096819993731656,-1.314792137164498,-0.5996957333322074,0.02286599830487249,-1.118747853336787,1.4674405996578228,0.1,-0.05,0.0,6,2,2,6,1,1,3,4,3,3,2,0,4,2,4,5,6,3,1,0.23923108,0.49233872,0.033711016,0,3,2,0,1,1,1,2,1
-1.4476303229569023,-1.670911350914362,-1.0896432278846644,1.2931992374644543,-0.22944113367320432,1.0378619697814109,-0.1,-0.1,-0.1,3,3,4,4,3,4,1,1,4,2,3,0,5,2,5,5,0,4,4,-0.06721193,0.00762441,-0.04872763,0,2,0,3,3,0,4,6,3
2.2375182978304244,-0.60255370966477,0.38019925577270647,0.6580326178846634,0.21521222615858698,1.4674405996578228,0.0,-0.1,0.1,2,3,1,0,0,1,3,1,3,1,3,0,0,1,2,0,6,4,5,0.8505504,1.5864007,1.7101433,1,3,2,0,0,0,0,2,2
-0.0931154603812642,0.4658039315848221,-0.10974823877975046,-1.2474672408547092,-0.6740944935049956,1.0378619697814109,0.1,-0.05,0.0,5,2,3,2,1,4,3,2,0,0,6,1,1,1,1,0,1,2,5,0.31283158,0.13171324,0.24341789,1,2,2,3,4,4,4,2,3
-0.19239263094141307,1.5341615728344142,-0.10974823877975046,-0.6123006212749184,-0.22944113367320432,0.608283339904999,-0.1,0.1,0.0,2,2,4,3,1,2,0,3,3,0,3,0,4,4,2,6,5,2,6,0.07472145,0.29893726,0.13675724,2,3,0,4,0,2,1,2,1
0.024321738635934034,-1.314792137164498,1.3600942448776203,-0.29471731148502295,-0.6740944935049956,-0.6804525497242363,0.0,0.1,0.05,2,3,3,3,2,2,0,6,2,4,6,2,3,4,0,0,5,3,5,1.1644275,0.7160599,1.1171564,2,3,4,3,4,2,1,1,0
-1.933768426881688,-0.9586729234146341,-1.5795907224371213,-1.5650505506446046,-0.6740944935049956,-0.25087391984782453,0.05,-0.1,-0.1,2,2,2,4,6,1,1,2,0,1,0,3,0,3,4,4,6,4,4,0.44960088,-0.1484111,0.22680633,0,2,2,3,2,4,3,2,2
0.7485165752023708,-0.9586729234146341,0.8701467503251634,-0.6123006212749184,1.1045189458221696,-1.53960980947706,0.0,-0.05,-0.1,0,2,0,1,0,2,0,0,0,0,0,0,0,0,0,2,6,4,6,1.8535097,1.6910263,1.8567584,2,5,5,3,4,1,2,0,0
-0.5567410056255104,-0.60255370966477,1.3600942448776203,-1.5650505506446046,1.5491723056539608,0.1787047100285873,-0.05,-0.05,0.1,3,2,0,4,1,0,0,0,1,0,0,1,0,3,0,3,6,4,6,1.3814478,1.0197692,1.3091844,5,4,4,2,3,2,1,2,1
-0.8754612299630565,1.5341615728344142,-1.5795907224371213,1.2931992374644543,-1.118747853336787,0.1787047100285873,0.1,0.05,-0.05,4,2,3,4,4,4,3,2,6,2,2,6,5,5,3,4,3,3,3,-0.38164067,-0.452892,-0.9747126,1,2,5,3,2,1,2,4,2
0.5054576784750195,0.10968471783495806,-1.0896432278846644,-0.6123006212749184,-1.118747853336787,-1.1100311796006481,0.1,-0.1,-0.1,6,3,0,4,1,1,1,2,1,3,3,0,1,5,2,2,6,4,6,0.32957488,1.02574,0.6449805,2,6,6,3,5,3,3,1,0
-0.2392783138450854,0.4658039315848221,-1.5795907224371213,0.3404493080947679,1.1045189458221696,0.608283339904999,0.0,-0.1,0.05,3,4,2,3,1,2,3,3,3,1,2,1,4,1,1,2,6,2,2,0.22654831,-0.09771842,0.46143663,2,0,2,3,3,2,2,2,0
-1.6752513878434898,1.5341615728344142,0.8701467503251634,1.6107825472543496,-0.6740944935049956,1.0378619697814109,0.0,0.05,0.05,4,3,2,3,5,6,5,5,4,3,6,5,4,3,5,5,6,2,4,-1.0651499,-0.6118401,-0.9729916,0,2,0,2,0,2,2,3,3
-0.19308565637161568,0.10968471783495806,-0.10974823877975046,-0.9298839310648138,1.5491723056539608,-1.1100311796006481,0.05,0.0,0.0,4,1,2,4,1,0,1,2,0,2,1,4,2,0,0,0,6,4,6,1.102301,1.2744793,1.3866205,4,6,5,0,4,1,2,0,2
-0.3461671660139966,-1.670911350914362,0.38019925577270647,-0.9298839310648138,-0.6740944935049956,-1.1100311796006481,-0.1,0.1,-0.1,0,2,2,6,0,2,1,1,0,0,1,0,6,1,2,0,6,4,6,0.85725445,1.4575827,0.9207178,2,3,1,1,4,2,6,1,2
-1.7148929933625738,-0.9586729234146341,0.38019925577270647,0.3404493080947679,-1.5634012131685782,-1.1100311796006481,-0.1,0.1,0.0,3,3,3,5,4,0,6,1,0,4,5,3,3,0,2,4,6,4,1,0.062468186,0.27037138,0.19588621,1,2,0,5,4,2,2,2,2
-0.5551171800957101,-0.60255370966477,-1.5795907224371213,-0.6123006212749184,1.1045189458221696,-1.53960980947706,0.05,-0.05,-0.05,0,0,1,4,0,3,3,1,0,0,5,2,0,0,6,4,6,3,6,1.0871433,0.8514612,0.69401276,1,4,6,4,0,2,2,3,0
-0.036267024073747704,0.8219231453346861,-1.5795907224371213,0.9756159276745588,1.1045189458221696,-1.53960980947706,0.0,0.1,0.05,4,1,1,1,0,4,3,1,2,0,3,1,3,4,2,2,6,4,5,0.7904513,0.43958354,0.90032816,5,5,6,0,3,1,1,2,0
-0.4527561252884552,0.8219231453346861,1.3600942448776203,-1.5650505506446046,-1.5634012131685782,-1.1100311796006481,-0.05,0.05,0.05,1,4,1,1,2,2,1,1,1,4,3,0,4,5,2,0,6,4,2,0.10765195,0.17655542,0.63685334,1,3,2,4,4,4,2,6,0
0.3706018902842595,1.5341615728344142,0.38019925577270647,-1.2474672408547092,1.5491723056539608,1.4674405996578228,-0.05,-0.1,0.0,0,2,4,3,4,4,3,1,1,0,2,1,1,3,4,3,4,4,3,0.36138886,0.557689,0.69208556,3,3,6,1,0,2,2,0,3
-1.5636458710047323,-0.24643449591490596,0.38019925577270647,0.6580326178846634,-0.22944113367320432,-1.1100311796006481,0.1,0.0,0.0,1,3,0,4,3,1,1,2,1,1,2,3,4,3,1,5,4,4,6,0.2110975,0.25415322,-0.01904732,0,5,3,5,3,4,2,2,0
-0.213643125309233,1.5341615728344142,-1.0896432278846644,-0.29471731148502295,-0.22944113367320432,1.4674405996578228,-0.05,0.1,-0.1,6,3,2,5,4,4,3,6,6,1,6,2,5,4,3,5,0,3,1,-0.17604758,-0.061136827,-0.4296482,1,3,6,5,3,1,4,4,1
-1.3272846617810206,-0.60255370966477,-1.5795907224371213,-0.29471731148502295,1.5491723056539608,-1.1100311796006481,0.0,-0.05,0.0,3,1,0,3,4,0,1,1,0,1,0,3,0,3,0,2,6,0,1,1.0366312,0.8749424,0.75246507,1,6,6,3,4,4,3,4,2
0.20021376799617258,0.10968471783495806,-0.5996957333322074,-0.29471731148502295,-1.118747853336787,-0.25087391984782453,0.05,0.0,-0.1,3,2,2,2,0,1,0,1,3,1,3,3,5,4,2,4,4,4,3,0.29019472,0.5830624,0.3228961,1,3,3,3,2,2,1,2,1
-0.4849604358972022,1.1780423590845501,-1.0896432278846644,0.3404493080947679,0.21521222615858698,0.1787047100285873,0.0,0.05,0.1,3,3,3,4,5,3,0,1,3,2,5,2,5,5,4,2,1,3,2,0.0915107,0.27143347,0.14286864,2,6,6,0,0,2,4,6,2
-0.3735263079471597,-1.314792137164498,0.8701467503251634,-0.6123006212749184,-1.5634012131685782,-1.1100311796006481,0.05,-0.1,0.1,1,4,4,6,3,2,2,0,2,1,3,1,0,2,2,2,6,4,3,0.81630623,0.71002287,0.86100566,1,1,5,3,4,2,4,1,0
-1.3465904790898002,0.4658039315848221,0.38019925577270647,-1.2474672408547092,-0.6740944935049956,-1.1100311796006481,0.0,-0.1,0.05,0,4,3,3,1,1,0,1,1,2,3,3,1,2,0,3,6,6,4,0.017102033,-0.08911213,0.507524,1,4,2,6,4,2,2,2,2
0.1178488313807895,-1.670911350914362,1.3600942448776203,-0.9298839310648138,-0.22944113367320432,-0.25087391984782453,0.1,-0.05,0.05,0,0,0,3,0,1,0,1,1,4,6,0,1,1,3,0,6,4,5,1.0658317,1.2638676,1.3978345,1,3,5,3,4,3,1,2,2
-0.17007267035464688,-1.670911350914362,0.38019925577270647,1.2931992374644543,0.6598655859903783,1.0378619697814109,0.1,0.1,0.05,3,1,2,1,0,1,1,0,5,2,0,1,2,1,2,2,4,4,4,1.0910406,0.97235364,0.79601777,2,3,6,3,2,2,1,3,3
-1.1613680126662678,0.8219231453346861,-0.10974823877975046,-0.9298839310648138,-0.6740944935049956,0.608283339904999,-0.05,0.0,0.05,4,3,2,3,4,6,3,4,0,2,6,0,0,4,6,2,6,3,3,-0.258322,0.3515122,0.1385172,0,0,0,3,6,2,0,4,3
-0.14441863024667975,-0.60255370966477,-0.5996957333322074,-0.9298839310648138,-1.5634012131685782,-0.25087391984782453,0.1,0.0,0.05,3,2,3,1,4,1,3,0,6,2,3,0,6,0,2,2,4,4,4,0.47123787,0.4168722,0.50864303,1,2,3,1,2,3,3,2,2
0.5014209750729963,0.8219231453346861,0.8701467503251634,-1.2474672408547092,1.5491723056539608,0.608283339904999,0.1,-0.1,0.05,3,2,0,1,1,1,0,0,2,0,4,0,0,2,3,0,6,4,6,1.3792491,0.92930096,0.96410996,3,3,3,3,6,6,2,2,2
-0.42263347383273714,-1.314792137164498,1.3600942448776203,0.9756159276745588,0.6598655859903783,1.4674405996578228,0.1,0.0,0.05,0,3,3,4,6,0,2,3,0,4,3,2,0,2,3,2,4,4,2,0.5824761,0.6020287,0.66445255,0,2,1,1,0,0,0,1,5
-0.615246278934243,0.4658039315848221,0.8701467503251634,-1.2474672408547092,0.6598655859903783,1.4674405996578228,0.1,0.1,-0.1,6,2,2,4,4,4,1,2,3,5,3,3,3,1,3,1,3,2,3,0.2488712,0.40720847,0.031069607,0,4,3,3,2,1,2,6,0
0.9971339016204093,0.8219231453346861,-1.5795907224371213,-0.6123006212749184,1.5491723056539608,1.4674405996578228,0.05,0.1,0.1,4,4,1,2,1,4,5,2,0,3,0,0,2,1,4,3,2,4,6,0.6706725,0.87056106,0.8955202,4,5,4,0,2,2,1,4,4
-0.8137702008042142,0.10968471783495806,-0.10974823877975046,0.3404493080947679,0.21521222615858698,-1.1100311796006481,-0.1,0.0,0.0,4,3,2,3,3,2,3,2,1,2,3,0,3,1,1,3,6,4,6,0.79766476,0.6405268,0.37825653,2,6,2,2,0,3,1,4,2
-1.6133611206149128,1.1780423590845501,-0.10974823877975046,0.3404493080947679,-1.118747853336787,1.0378619697814109,-0.1,0.1,0.1,6,3,3,6,5,4,5,2,3,6,5,3,5,3,3,2,1,2,3,-1.0247339,-0.32782567,-0.5466496,0,0,3,2,4,2,2,4,0
-2.204485215467332,0.4658039315848221,0.8701467503251634,0.3404493080947679,-0.22944113367320432,0.1787047100285873,-0.1,0.0,0.0,4,3,4,5,4,5,5,3,3,6,4,3,3,5,3,0,6,3,5,-0.22510646,-0.14353865,-0.07892287,0,4,5,5,6,2,2,5,2
1.6328180540625081,-0.60255370966477,-1.0896432278846644,-1.5650505506446046,-1.5634012131685782,0.608283339904999,0.0,0.0,-0.05,1,3,3,4,0,1,0,2,0,6,2,2,0,1,2,0,4,4,0,0.94521195,1.1337836,0.91094583,1,5,2,0,0,2,1,1,2
0.20790709807209146,0.4658039315848221,1.3600942448776203,1.2931992374644543,-1.5634012131685782,1.4674405996578228,0.0,-0.05,0.1,4,4,3,4,5,5,3,2,2,4,2,3,4,3,6,3,0,3,0,-0.37971735,-0.4720453,0.07717955,1,0,0,3,5,1,2,1,3
0.6013353525579022,-0.9586729234146341,0.38019925577270647,1.6107825472543496,1.1045189458221696,-1.53960980947706,0.0,-0.05,-0.1,0,2,1,0,3,1,0,0,0,0,0,0,1,1,2,0,5,4,5,1.4310614,1.0765384,1.0510768,2,6,3,1,0,6,1,1,2
-0.6757600406149421,-0.24643449591490596,1.3600942448776203,0.02286599830487249,-0.22944113367320432,1.0378619697814109,-0.1,0.05,-0.1,0,2,6,3,1,1,3,4,3,1,2,0,0,4,4,0,3,4,4,0.43173862,0.65712893,0.3398342,0,4,0,0,4,3,2,0,2
-0.5264799435856797,1.1780423590845501,-0.10974823877975046,1.2931992374644543,1.5491723056539608,1.4674405996578228,-0.1,0.0,-0.1,3,2,2,5,3,3,5,4,3,4,5,5,5,5,0,3,4,2,6,0.053320207,0.17103918,-0.15843199,2,3,4,0,0,2,2,2,0
-0.4788127490424266,0.10968471783495806,-1.5795907224371213,0.3404493080947679,1.1045189458221696,1.0378619697814109,-0.05,-0.05,-0.05,1,2,2,0,0,4,4,0,6,2,0,0,2,3,3,3,0,1,0,0.28062618,-0.05610761,0.311403,3,0,5,3,3,2,1,4,2
3.250484858770701,-1.670911350914362,-1.5795907224371213,-1.5650505506446046,-1.118747853336787,1.4674405996578228,0.1,0.05,0.05,1,0,2,3,0,0,0,0,0,0,0,0,0,3,2,1,3,1,3,1.3515708,1.5678884,1.2646406,4,5,2,1,0,2,0,4,2
-0.4277090877877635,-0.60255370966477,-0.5996957333322074,0.6580326178846634,0.6598655859903783,-1.53960980947706,-0.05,0.05,-0.1,4,3,2,4,0,3,4,1,0,0,2,1,3,3,2,0,6,4,6,0.84219134,1.0943053,0.8793647,1,3,6,3,4,2,2,6,1
0.5327255089639242,1.5341615728344142,-1.0896432278846644,-0.9298839310648138,-1.118747853336787,1.0378619697814109,0.1,0.0,0.1,3,0,2,3,3,2,5,5,6,6,3,3,2,3,0,2,6,4,3,-0.15230885,-0.27605188,0.008306995,1,5,5,1,0,0,1,2,3
-0.999603186554463,0.10968471783495806,0.38019925577270647,-1.2474672408547092,-0.6740944935049956,-0.6804525497242363,0.0,-0.05,-0.1,5,1,0,0,0,3,1,2,2,0,6,0,0,2,3,6,3,4,6,0.13797784,0.24356309,0.16375674,1,3,6,3,3,4,2,0,2
1.5055858125577923,-1.314792137164498,1.3600942448776203,-0.9298839310648138,0.21521222615858698,-1.1100311796006481,-0.1,0.05,0.0,0,2,0,0,0,0,0,1,0,0,0,0,0,0,0,2,6,6,5,1.6696147,1.9032357,1.8953266,1,6,0,1,4,2,4,0,0
-0.8463456174027302,1.5341615728344142,0.8701467503251634,0.9756159276745588,-1.5634012131685782,-0.6804525497242363,-0.05,-0.05,0.0,4,3,3,5,3,2,2,4,6,2,2,2,4,4,4,6,6,3,2,-0.63252306,-0.32299185,-0.97719383,0,3,0,1,4,2,1,4,2
-0.7576973133389865,-0.24643449591490596,-0.5996957333322074,0.3404493080947679,0.6598655859903783,0.1787047100285873,-0.05,0.05,0.05,4,0,1,3,3,0,3,2,6,5,3,1,3,1,1,3,1,4,3,0.60861576,0.5802954,0.2013556,1,3,5,2,3,2,1,2,2
-0.521053541066858,0.4658039315848221,-1.0896432278846644,-0.6123006212749184,-0.6740944935049956,0.1787047100285873,0.05,0.0,0.05,5,3,4,4,2,2,3,3,3,6,3,2,6,5,2,3,2,1,6,-0.07857244,-0.2744464,0.53187037,1,3,3,3,2,1,4,4,1
0.2607124056782976,-1.670911350914362,-0.5996957333322074,-0.29471731148502295,-1.5634012131685782,1.4674405996578228,0.0,-0.1,-0.1,4,2,3,6,2,2,3,3,2,4,2,1,2,4,1,2,0,3,3,-0.04229188,0.19233239,0.22219759,0,3,3,0,2,2,1,2,2
1.7798948623375501,-0.24643449591490596,1.3600942448776203,0.9756159276745588,-1.5634012131685782,1.4674405996578228,-0.1,0.0,-0.05,1,4,3,2,6,0,2,2,1,0,3,4,3,1,0,4,4,2,3,0.43262094,0.3856651,0.6138249,2,1,2,1,1,2,1,1,1
-0.4511030495289274,-1.314792137164498,1.3600942448776203,0.3404493080947679,1.1045189458221696,1.4674405996578228,-0.1,0.0,0.05,4,2,2,1,0,1,1,0,0,0,2,4,3,0,5,2,6,2,0,0.6990963,0.8259566,1.2152735,1,3,0,4,1,0,1,1,2
-0.41307274661070237,-1.314792137164498,0.8701467503251634,-0.9298839310648138,-0.22944113367320432,0.1787047100285873,0.0,-0.05,-0.05,1,3,1,1,2,1,3,2,0,1,1,1,1,1,4,4,6,4,4,0.9498733,0.9853764,0.86125267,0,3,2,4,3,3,2,2,0
0.8986901639555589,1.1780423590845501,-0.5996957333322074,-0.9298839310648138,1.5491723056539608,-0.25087391984782453,-0.1,0.1,-0.05,1,0,0,2,0,0,0,0,1,0,3,0,0,0,4,3,3,4,4,1.0273422,1.0790187,1.2420425,3,6,6,0,0,2,1,0,0
-0.8711410514725908,-0.60255370966477,1.3600942448776203,-1.5650505506446046,0.6598655859903783,1.0378619697814109,-0.1,0.05,-0.05,0,3,0,3,3,1,1,2,2,2,0,3,2,0,3,0,6,3,6,0.81417537,1.2602792,0.71642625,0,3,4,3,3,2,1,2,3
0.36404192886805464,-0.24643449591490596,0.8701467503251634,1.2931992374644543,1.5491723056539608,-1.1100311796006481,0.0,0.0,0.0,2,2,2,1,0,3,0,1,0,2,2,0,5,0,0,4,6,4,6,1.2489605,0.9621135,1.2465894,5,6,5,1,0,2,1,2,3
-1.0897214169488778,-1.670911350914362,1.3600942448776203,0.9756159276745588,0.6598655859903783,-0.25087391984782453,-0.05,-0.05,0.0,4,3,3,4,4,1,1,1,1,2,3,0,0,3,2,0,6,4,5,1.0705982,0.64081347,0.56869626,3,2,5,3,3,1,2,2,2
-0.9887227801964268,-0.24643449591490596,-1.5795907224371213,-0.9298839310648138,0.6598655859903783,-0.25087391984782453,0.05,0.0,0.0,0,3,2,2,3,4,3,2,4,3,1,2,0,2,1,0,6,6,6,0.6808747,0.86481833,0.8261077,3,5,3,3,3,2,1,4,2
-1.200893078221933,0.4658039315848221,0.38019925577270647,-0.6123006212749184,-0.6740944935049956,-0.6804525497242363,0.0,-0.1,-0.05,4,2,2,4,4,2,5,2,0,0,3,5,4,3,0,2,6,4,6,0.021495655,0.0151112825,0.1686986,2,1,0,4,0,4,3,4,0
0.4310246044974803,-0.60255370966477,1.3600942448776203,1.6107825472543496,-1.118747853336787,-1.53960980947706,0.1,0.05,0.1,2,3,2,4,1,2,4,2,4,2,6,0,2,3,2,3,2,3,3,0.99669045,0.8023896,0.3665052,0,2,5,3,4,2,2,1,0
1.1760045944410245,-0.60255370966477,0.8701467503251634,-0.9298839310648138,0.6598655859903783,0.1787047100285873,-0.1,0.0,-0.05,1,3,4,0,1,0,0,0,2,0,3,0,0,0,0,0,3,4,5,1.2699307,1.0388943,1.5282478,1,4,6,1,4,2,2,2,2
0.7783979049235683,-0.60255370966477,-0.10974823877975046,1.2931992374644543,-0.6740944935049956,-1.53960980947706,-0.1,-0.1,-0.1,4,0,2,0,0,3,0,1,2,1,1,2,1,4,0,4,4,4,6,0.6382414,0.98601884,0.46749923,1,6,4,3,2,2,2,2,1
2.025506784674138,-1.670911350914362,-0.5996957333322074,-0.29471731148502295,-1.5634012131685782,-1.53960980947706,0.1,-0.05,0.0,0,2,0,1,0,0,0,0,0,0,0,0,2,2,1,1,6,4,6,1.9423845,1.455743,1.5309808,2,6,5,6,1,2,0,2,0
-0.40268061257355514,-1.670911350914362,0.38019925577270647,0.02286599830487249,1.5491723056539608,1.4674405996578228,0.1,-0.1,-0.1,1,0,0,0,0,0,0,2,5,1,1,1,3,0,0,0,6,4,5,1.0227947,1.2727382,1.3148643,2,4,3,1,4,0,0,4,2
-1.4803588944749198,-0.60255370966477,-0.5996957333322074,-0.6123006212749184,-0.6740944935049956,1.0378619697814109,0.05,-0.1,0.0,2,3,2,3,5,2,5,4,4,4,3,3,6,5,1,3,4,2,3,-0.14862573,-0.05324109,-0.14721292,1,1,3,0,2,3,2,2,2
-1.515449269882099,0.8219231453346861,-1.0896432278846644,0.02286599830487249,-1.5634012131685782,0.1787047100285873,0.1,0.05,-0.1,2,3,6,4,1,6,4,2,6,3,6,2,4,4,1,1,6,3,2,-0.6233415,-0.6784277,-0.80675566,0,3,2,3,3,2,2,3,2
0.5804595203027513,0.10968471783495806,0.38019925577270647,-1.5650505506446046,0.21521222615858698,-0.6804525497242363,-0.05,0.05,-0.1,0,3,1,1,0,1,1,1,0,4,2,4,0,0,0,3,6,6,5,1.1596873,1.0610541,0.92125773,2,6,5,4,4,4,2,2,1
-1.058908047718093,1.1780423590845501,1.3600942448776203,-0.9298839310648138,-1.118747853336787,-1.53960980947706,0.1,-0.1,0.05,5,2,2,3,0,1,1,2,1,4,3,2,6,1,0,2,6,4,6,0.24139507,-0.06547181,0.3656853,0,0,2,4,5,4,5,2,1
-1.8211531522050706,-0.24643449591490596,-1.5795907224371213,0.6580326178846634,-0.6740944935049956,-1.1100311796006481,0.05,0.05,-0.1,0,3,1,4,3,4,3,6,4,2,3,3,2,4,6,5,3,4,6,-0.2280692,-0.1758244,-0.09936442,4,3,1,3,4,4,3,2,2
-0.29180997736389863,-1.314792137164498,0.38019925577270647,0.6580326178846634,-0.6740944935049956,0.608283339904999,0.0,-0.1,-0.1,0,1,2,3,3,2,0,2,6,2,2,3,1,3,4,3,3,2,3,0.018433541,0.41391516,0.41002294,2,3,3,4,5,2,1,3,0
0.16887322331007273,1.5341615728344142,-1.0896432278846644,0.9756159276745588,1.1045189458221696,-1.1100311796006481,0.1,0.0,0.0,0,0,4,2,4,0,2,2,2,0,3,3,2,4,1,0,6,3,6,1.11239,0.74626195,0.7488198,6,5,5,2,3,2,4,0,2
1.1756649527697618,0.8219231453346861,-0.5996957333322074,1.2931992374644543,-1.5634012131685782,0.608283339904999,-0.05,0.05,0.1,2,2,3,3,6,4,6,2,2,2,2,2,3,0,4,2,0,2,0,-0.33950558,0.14911231,-0.2894284,1,3,3,1,2,1,0,2,2
-1.0698957343698214,0.10968471783495806,-0.10974823877975046,0.3404493080947679,0.6598655859903783,0.1787047100285873,0.1,0.0,-0.05,3,3,0,4,2,1,3,2,1,1,0,1,4,3,4,4,4,3,5,0.37579873,0.30334383,0.6696514,0,4,3,0,2,2,0,2,3
-0.4219708549221234,-0.9586729234146341,-1.5795907224371213,-0.9298839310648138,-1.118747853336787,0.1787047100285873,-0.1,0.0,0.0,0,0,3,6,2,3,0,2,6,1,1,2,6,2,0,4,6,3,6,0.31914756,0.30213726,0.38315916,1,3,3,5,4,2,3,6,3
-0.4024380950451166,0.8219231453346861,0.38019925577270647,0.3404493080947679,-1.5634012131685782,0.608283339904999,-0.1,0.0,-0.1,4,4,2,6,5,5,2,3,5,6,1,1,5,4,6,5,3,1,5,-0.21142106,-0.2268608,-0.13182983,0,2,0,2,3,2,2,2,2
-0.08870204438978409,0.4658039315848221,-0.5996957333322074,-0.29471731148502295,-1.118747853336787,0.1787047100285873,0.05,0.0,0.1,5,3,3,3,3,2,6,2,2,2,2,6,0,4,6,5,6,2,3,-0.03209953,-0.16608064,0.2551953,1,3,3,4,4,2,1,3,5
0.7665527032882639,-1.670911350914362,-1.5795907224371213,-1.5650505506446046,-0.22944113367320432,0.608283339904999,-0.1,-0.1,0.05,0,4,3,3,1,3,1,1,1,1,6,0,0,0,6,1,4,3,5,1.4468044,1.0841577,1.1176208,1,3,2,3,0,4,4,4,2
1.0281741353975757,-0.24643449591490596,-1.5795907224371213,0.3404493080947679,-1.118747853336787,1.4674405996578228,0.05,0.1,0.1,2,2,5,4,2,0,1,6,1,4,3,4,0,3,4,3,1,4,3,0.1573702,-0.16340548,-0.141321,3,3,3,1,3,2,2,1,3
-0.43798392348880477,0.4658039315848221,0.8701467503251634,0.9756159276745588,-1.5634012131685782,-0.6804525497242363,0.0,0.05,-0.1,3,3,3,2,2,2,2,2,2,3,1,1,6,4,5,4,6,2,6,-0.30598143,0.41236228,0.05419591,0,3,0,1,4,2,3,1,1
0.8690867033096571,-1.314792137164498,0.8701467503251634,1.2931992374644543,1.1045189458221696,-1.1100311796006481,0.1,0.1,0.1,0,0,2,3,0,1,0,0,0,0,2,3,0,1,0,0,2,4,6,1.4885484,1.6813066,1.6315421,1,5,6,3,1,1,1,0,2
-0.0422872190462042,0.4658039315848221,-0.5996957333322074,0.3404493080947679,-0.6740944935049956,-0.6804525497242363,0.1,-0.05,0.05,5,0,3,6,0,3,1,2,2,2,4,0,4,3,6,4,3,4,6,0.7526164,0.22881447,0.32370734,1,3,2,3,5,4,1,4,1
0.3681731491986377,-0.24643449591490596,1.3600942448776203,-0.29471731148502295,1.5491723056539608,-1.1100311796006481,-0.1,-0.05,-0.05,0,0,0,1,3,0,5,1,4,2,0,2,0,4,0,0,6,4,0,1.3383732,1.6362004,1.8585758,2,5,4,1,4,2,2,0,0
0.85127843777099,-0.9586729234146341,-1.5795907224371213,-0.6123006212749184,0.6598655859903783,-1.1100311796006481,0.1,0.05,0.1,0,1,0,4,0,2,2,0,0,3,0,1,3,1,0,2,3,3,3,1.6066229,1.0115364,1.7839447,4,6,4,2,2,3,1,3,2
-0.1354294345356133,-1.314792137164498,-0.10974823877975046,-0.9298839310648138,0.21521222615858698,0.1787047100285873,0.1,0.0,0.0,2,3,2,4,0,0,0,3,0,0,0,3,0,0,1,3,6,4,5,1.2902626,1.0962961,0.9256527,2,4,2,5,3,2,2,0,2
1.7030934048873991,-0.24643449591490596,-1.0896432278846644,1.6107825472543496,1.1045189458221696,-0.6804525497242363,-0.05,0.1,0.05,1,0,0,1,0,1,1,0,4,0,3,0,0,1,1,2,6,3,4,1.4475586,1.7682924,1.4746137,3,6,6,1,1,2,1,2,2
-1.5215975892633729,0.4658039315848221,-0.5996957333322074,-0.9298839310648138,-0.6740944935049956,0.608283339904999,0.0,0.0,0.1,4,5,4,0,0,3,5,6,3,5,5,1,3,5,1,6,6,4,5,-0.14908211,0.15341423,-0.0068349093,2,3,2,1,0,2,2,2,2
-0.45185742814051927,-1.314792137164498,1.3600942448776203,0.02286599830487249,0.21521222615858698,-0.25087391984782453,0.0,0.1,0.05,0,2,0,0,0,0,1,0,0,0,3,0,6,0,4,4,4,4,3,1.3814719,1.2631482,1.0703801,1,3,3,3,3,2,2,2,1
-1.0857287171288534,1.5341615728344142,1.3600942448776203,0.02286599830487249,0.21521222615858698,0.1787047100285873,-0.1,0.0,-0.05,4,4,3,2,2,1,1,2,4,4,5,2,2,4,2,6,6,3,5,0.107400075,0.14369857,0.03697455,1,3,3,5,2,3,1,4,2
-1.078816266914525,-1.670911350914362,0.8701467503251634,0.9756159276745588,-1.5634012131685782,-1.1100311796006481,0.05,0.0,-0.1,3,3,3,1,0,1,6,3,2,3,2,3,0,6,3,2,6,4,2,0.380029,0.6860168,0.40218908,2,3,1,4,4,4,4,2,1
0.11505582791619597,-1.670911350914362,-1.0896432278846644,-0.9298839310648138,0.6598655859903783,-1.53960980947706,-0.1,0.0,0.1,1,0,3,2,1,1,0,1,0,0,1,1,0,0,0,4,6,6,4,1.3296916,1.5203416,1.6722864,4,6,5,3,4,4,3,2,2
0.15831798895150725,-0.60255370966477,1.3600942448776203,-0.6123006212749184,1.1045189458221696,-1.53960980947706,-0.05,0.1,0.05,0,0,1,0,2,1,0,0,0,0,0,1,2,1,0,1,6,5,6,1.3440012,1.9742355,1.5540196,4,5,5,3,4,2,2,0,0
0.8216665912086725,1.5341615728344142,0.38019925577270647,-1.2474672408547092,-1.5634012131685782,-1.53960980947706,-0.05,0.1,-0.1,0,3,4,6,1,1,3,2,2,1,3,3,3,5,2,2,6,2,3,0.5140062,0.40095246,0.41043216,4,2,4,2,0,3,4,2,1
0.09649866751587302,0.4658039315848221,1.3600942448776203,-1.5650505506446046,0.6598655859903783,0.608283339904999,0.1,-0.1,-0.05,0,1,1,2,0,1,1,2,2,0,0,0,0,4,1,2,6,3,5,0.92110157,0.9032536,0.77416444,1,1,5,4,0,2,1,2,2
0.21100876497107743,0.8219231453346861,0.8701467503251634,1.2931992374644543,1.1045189458221696,-1.53960980947706,-0.1,-0.05,-0.1,0,3,1,2,0,1,1,0,1,0,1,0,2,1,0,0,2,4,6,0.9937211,0.9722696,1.0477098,0,4,4,3,0,5,1,4,3
0.04488631720421545,-0.60255370966477,-0.10974823877975046,-1.2474672408547092,0.6598655859903783,-0.6804525497242363,0.1,-0.1,-0.05,1,2,2,4,0,2,0,0,0,2,0,1,0,0,0,5,6,6,5,1.4512407,1.4983988,0.662163,4,3,6,4,4,2,2,5,0
1.0274873484940201,0.10968471783495806,-0.10974823877975046,-0.29471731148502295,0.21521222615858698,-0.6804525497242363,-0.1,0.1,0.0,1,1,0,0,2,2,2,0,4,0,0,0,1,2,2,2,6,5,3,0.6943558,1.0496951,1.4206774,1,3,6,0,2,2,1,4,1
0.41216848333897027,-0.24643449591490596,1.3600942448776203,1.2931992374644543,-1.118747853336787,-0.25087391984782453,-0.1,0.1,-0.05,4,2,3,0,3,2,1,4,4,1,5,3,2,3,3,3,4,3,5,0.38272646,0.3037675,0.4744801,1,3,2,1,0,2,0,0,0
-2.203499382808046,-1.670911350914362,0.8701467503251634,-1.5650505506446046,1.1045189458221696,0.608283339904999,-0.1,-0.05,-0.05,0,2,1,3,1,2,2,4,0,1,0,2,1,1,0,0,6,4,6,0.9188084,0.92011046,0.9308214,0,3,2,3,4,4,4,2,0
-0.8684157742766366,-1.670911350914362,0.38019925577270647,1.2931992374644543,-1.118747853336787,1.4674405996578228,0.05,-0.1,0.05,6,3,4,4,4,5,1,1,2,1,0,1,4,6,3,5,0,3,5,-0.16322744,-0.29362997,-0.05977336,1,1,0,3,2,3,2,2,3
0.3998642859728824,1.1780423590845501,1.3600942448776203,-1.2474672408547092,0.6598655859903783,0.1787047100285873,-0.05,-0.05,0.05,3,0,0,5,1,1,2,2,1,4,2,0,0,3,3,3,6,4,6,0.7666805,0.5167923,0.7874641,3,6,5,3,2,2,1,2,2
-0.7105957612364381,0.8219231453346861,1.3600942448776203,-1.2474672408547092,0.21521222615858698,1.4674405996578228,0.1,-0.1,0.1,4,3,4,0,0,2,3,2,3,1,3,3,0,1,3,0,4,4,2,0.53308296,-0.013057768,0.17772542,1,3,0,1,0,2,0,2,2
1.5262894039418455,-0.24643449591490596,-1.5795907224371213,-1.5650505506446046,-0.6740944935049956,0.1787047100285873,-0.1,0.05,-0.05,0,2,2,1,1,3,1,2,2,4,2,3,3,1,3,2,2,4,4,1.0114021,0.7552049,0.6601441,2,6,1,3,0,2,2,2,2
-1.4118282981742833,1.5341615728344142,1.3600942448776203,-1.2474672408547092,0.21521222615858698,-1.1100311796006481,-0.1,0.05,-0.05,4,3,2,5,1,4,1,2,3,2,2,1,0,5,0,3,6,4,2,0.19748162,0.6900996,0.33826715,0,3,5,4,1,2,2,0,2
1.4102466115941414,-0.9586729234146341,-1.5795907224371213,0.6580326178846634,-1.118747853336787,0.608283339904999,0.1,-0.05,0.0,2,2,1,2,0,2,1,1,0,1,3,2,0,1,4,2,6,0,0,0.5580716,0.38221067,0.15551874,0,3,2,3,4,0,4,4,3
-0.7413747930704923,1.5341615728344142,-0.5996957333322074,1.6107825472543496,0.21521222615858698,0.608283339904999,0.05,-0.1,0.0,4,3,5,2,4,5,6,4,6,2,3,3,5,3,5,2,3,3,4,-0.3343488,-0.7805979,-0.47502583,1,3,2,3,3,0,2,2,0
-0.1478945255756419,1.1780423590845501,0.8701467503251634,-1.5650505506446046,-0.6740944935049956,0.1787047100285873,0.1,-0.05,-0.1,0,3,4,6,4,4,3,2,0,0,2,0,3,0,2,1,3,4,3,0.64338064,0.4638776,0.5043435,2,0,5,3,0,2,2,2,0
-1.4657427409718835,1.5341615728344142,-0.10974823877975046,0.9756159276745588,1.5491723056539608,-0.25087391984782453,0.05,-0.1,0.1,6,4,4,3,0,0,5,3,3,5,1,1,4,4,6,0,2,4,5,-0.31292105,-0.22012527,0.5401435,1,3,4,6,4,2,5,2,3
0.3255386044920116,0.10968471783495806,-1.0896432278846644,-0.29471731148502295,-0.6740944935049956,-0.6804525497242363,0.0,-0.05,0.1,4,1,3,2,5,1,1,2,3,1,6,3,3,4,4,0,6,4,4,0.3566233,0.32019493,0.5801913,1,4,5,1,3,3,1,3,2
0.372098842203316,0.10968471783495806,1.3600942448776203,0.02286599830487249,1.1045189458221696,-0.25087391984782453,-0.05,-0.05,0.1,0,0,2,2,2,1,0,0,3,2,0,2,2,5,0,5,6,4,5,1.004219,0.8935027,1.3468276,2,4,4,3,2,2,3,0,2
0.38184782651794363,1.5341615728344142,-0.10974823877975046,0.02286599830487249,0.6598655859903783,1.4674405996578228,0.1,0.1,0.0,3,3,2,6,2,2,3,2,3,2,5,3,2,4,0,5,0,6,4,0.14575654,0.2491635,0.36899388,0,1,3,0,0,3,0,2,3
-1.5365490605072045,1.1780423590845501,-1.5795907224371213,0.3404493080947679,1.5491723056539608,-0.6804525497242363,0.0,0.1,-0.05,5,3,3,5,3,2,1,4,2,3,3,2,0,4,4,4,6,4,3,0.39127848,0.37614995,0.3829433,1,5,6,3,3,1,1,3,0
-0.7188853879407159,-1.314792137164498,0.38019925577270647,0.9756159276745588,-0.22944113367320432,0.608283339904999,0.05,-0.05,0.1,2,2,2,4,1,2,1,2,1,0,4,3,5,2,4,2,3,2,3,0.5002664,0.6787663,0.3728885,2,2,2,0,4,2,0,4,1
-0.6440666168723619,1.1780423590845501,0.38019925577270647,-0.9298839310648138,-1.118747853336787,0.608283339904999,0.0,0.0,0.1,2,5,3,5,4,4,5,2,6,5,4,2,2,4,3,3,6,4,6,-0.7720323,-0.1548491,0.016519211,0,5,3,0,1,2,1,3,0
0.15554310092194717,1.1780423590845501,0.8701467503251634,1.2931992374644543,-0.22944113367320432,1.0378619697814109,0.0,0.05,0.1,2,3,4,6,4,2,1,3,1,1,2,2,4,1,2,2,1,2,3,-0.20272002,-0.11689015,0.18715924,3,0,4,3,0,2,1,0,0
-0.1829554473569006,-0.60255370966477,-0.10974823877975046,0.6580326178846634,-1.5634012131685782,-1.53960980947706,0.1,-0.05,-0.05,6,5,2,1,1,0,0,2,2,0,5,0,5,1,0,0,6,2,6,0.8158504,0.3623461,0.103649855,1,1,2,3,4,1,2,3,3
-1.0190372954752536,0.4658039315848221,-0.10974823877975046,-0.9298839310648138,-0.6740944935049956,1.4674405996578228,-0.05,-0.05,0.1,3,3,5,4,6,1,3,4,6,0,6,3,1,1,5,3,0,1,2,-0.15616421,-0.34877327,0.04118596,0,0,3,0,4,2,2,2,3
-0.28209449973632217,0.10968471783495806,-0.10974823877975046,-0.29471731148502295,-0.6740944935049956,1.4674405996578228,0.0,0.0,-0.1,2,2,4,5,2,3,3,1,4,1,5,5,3,2,1,5,6,0,3,0.13533215,0.15611233,-0.038600177,1,4,5,3,6,2,0,1,1
-1.1707799818740037,-1.670911350914362,0.8701467503251634,-1.5650505506446046,0.6598655859903783,-0.6804525497242363,-0.1,0.1,0.05,0,1,1,1,1,1,3,0,2,0,0,0,6,0,0,0,5,5,3,1.1397072,1.5051868,1.3189689,4,4,4,5,6,6,3,0,0
-0.040811000425481005,0.10968471783495806,-0.5996957333322074,-1.5650505506446046,0.6598655859903783,-1.1100311796006481,-0.1,0.1,0.0,1,3,2,3,1,1,0,1,0,2,1,2,0,0,4,2,6,4,6,0.99227333,0.8598672,0.96304506,1,1,6,6,4,2,2,2,0
1.826661275713201,-1.314792137164498,1.3600942448776203,1.6107825472543496,0.21521222615858698,-0.6804525497242363,0.0,0.05,0.0,0,0,0,5,1,0,0,0,1,0,0,0,0,0,1,0,6,4,3,1.1708629,1.5709816,1.9349518,3,6,4,0,4,2,2,0,1
0.2506402536292264,-0.9586729234146341,0.38019925577270647,0.3404493080947679,-1.5634012131685782,-1.1100311796006481,-0.05,0.0,-0.05,5,3,0,0,5,1,0,2,6,3,2,1,3,3,2,2,6,3,6,0.7737777,0.5469339,0.33708724,1,2,4,3,4,2,2,2,0
-0.9685086097608208,1.5341615728344142,1.3600942448776203,0.9756159276745588,0.6598655859903783,0.1787047100285873,0.0,0.05,-0.05,3,3,3,3,5,6,2,6,6,2,2,3,3,4,4,3,6,4,5,-0.0133865755,-0.123217955,0.15365738,1,4,3,3,1,2,0,5,0
0.3679055359863837,0.4658039315848221,0.38019925577270647,-0.6123006212749184,1.1045189458221696,0.1787047100285873,0.1,0.0,-0.1,0,1,1,3,5,1,1,2,3,1,5,0,0,0,3,0,3,3,6,0.93967664,1.0005004,0.5999545,5,4,4,3,4,2,1,3,2
-1.1349908397473043,0.10968471783495806,-1.0896432278846644,0.6580326178846634,1.5491723056539608,-0.6804525497242363,-0.05,-0.1,-0.1,3,3,2,4,4,2,0,2,2,2,3,3,0,1,3,3,2,2,6,0.8312287,0.3116542,0.3961379,3,6,6,3,3,4,2,3,3
0.6448486473607848,1.1780423590845501,-1.5795907224371213,0.6580326178846634,1.5491723056539608,-1.53960980947706,-0.05,0.0,0.1,0,0,0,2,0,1,4,2,5,1,4,2,3,4,2,0,4,4,6,0.77630687,1.2153536,1.1618152,6,6,6,3,3,2,2,5,3
0.3651771177954573,1.1780423590845501,-0.5996957333322074,0.9756159276745588,1.1045189458221696,0.608283339904999,-0.1,0.1,-0.1,1,2,3,4,0,6,3,1,3,6,1,2,4,3,3,2,4,4,2,0.07675104,0.3550214,0.16921145,3,3,4,3,2,2,3,2,3
-0.09206156895878846,-1.314792137164498,-0.10974823877975046,-1.5650505506446046,1.1045189458221696,1.4674405996578228,0.0,-0.1,0.05,0,1,2,1,3,0,2,1,0,1,0,0,5,1,3,2,4,4,5,1.3253545,0.8471719,1.0007654,1,4,6,3,0,2,2,1,2
0.10630976161869118,-0.9586729234146341,1.3600942448776203,-1.2474672408547092,1.1045189458221696,-0.25087391984782453,-0.1,0.1,0.0,2,0,0,2,0,0,0,2,0,0,2,2,0,0,0,0,2,6,6,1.2128415,1.6518735,1.2956542,1,6,5,3,4,2,2,3,2
-0.9333033994462072,0.8219231453346861,0.8701467503251634,1.2931992374644543,-0.22944113367320432,0.608283339904999,-0.05,0.05,-0.1,4,3,4,2,4,3,3,4,0,4,3,4,5,3,6,4,1,3,4,-0.2493724,-0.24733008,-0.3717933,2,1,2,3,3,2,1,2,2
1.7991450356012153,-0.60255370966477,0.38019925577270647,0.9756159276745588,1.1045189458221696,0.608283339904999,0.1,0.1,0.05,0,1,2,3,1,0,1,0,1,0,0,1,0,3,1,2,2,0,6,1.1827782,1.3833319,1.2886215,3,5,0,1,2,0,1,2,0
1.751089947400242,-0.9586729234146341,-0.5996957333322074,-1.5650505506446046,1.1045189458221696,1.4674405996578228,0.05,0.05,0.1,0,0,0,0,0,0,2,0,1,0,2,0,0,0,2,4,2,2,4,1.7377014,1.2676213,1.4990737,2,2,1,1,0,0,1,2,0
-0.2218863560867064,0.10968471783495806,-0.5996957333322074,-0.9298839310648138,-1.5634012131685782,1.4674405996578228,0.0,-0.05,-0.05,5,4,3,4,3,1,0,2,2,6,5,3,2,5,5,3,4,4,4,-0.19332506,-0.08342695,-0.16497026,1,1,0,1,0,2,2,4,2
-0.6654602351126109,-0.60255370966477,-0.10974823877975046,-1.5650505506446046,-1.118747853336787,-1.1100311796006481,-0.05,-0.1,0.05,0,2,1,2,1,0,0,1,2,0,3,1,2,2,3,2,3,5,5,0.5861758,0.1421608,0.46364483,2,5,4,3,0,5,2,2,1
-0.9251292053618515,-0.24643449591490596,-0.10974823877975046,0.6580326178846634,-1.5634012131685782,1.4674405996578228,0.0,0.1,0.05,4,3,5,5,4,0,4,4,6,5,3,2,4,4,1,4,0,3,0,-0.4078448,-0.38253924,-0.30118132,0,3,2,0,2,4,2,4,3
-0.06025852064834584,-0.24643449591490596,0.38019925577270647,0.3404493080947679,-0.22944113367320432,0.1787047100285873,-0.1,0.1,0.0,2,2,3,2,0,2,4,1,3,1,1,2,2,3,0,1,2,3,6,0.46822572,0.64956737,0.31232333,2,5,4,1,0,2,4,1,2
-0.6002679926602674,1.1780423590845501,-0.5996957333322074,-1.2474672408547092,0.21521222615858698,-0.6804525497242363,0.1,0.0,0.05,3,4,2,2,1,0,0,3,6,2,3,2,1,4,2,0,6,4,5,0.31792122,0.5856301,0.4951187,1,3,6,6,3,5,3,2,2
-0.9333390951367028,1.5341615728344142,-1.0896432278846644,-0.6123006212749184,-1.118747853336787,-1.53960980947706,0.0,0.1,0.1,6,4,4,4,3,4,4,3,5,6,5,4,2,4,4,5,1,3,6,-0.09002732,0.0922015,0.050431173,4,2,4,3,4,2,2,2,0
-0.0619049442348089,1.1780423590845501,1.3600942448776203,0.6580326178846634,0.6598655859903783,-1.53960980947706,-0.1,0.1,0.05,0,2,1,0,3,1,1,2,1,3,5,2,1,2,5,2,6,5,4,0.78991836,1.1374291,0.87036604,2,0,5,1,4,3,2,2,0
0.5340624140993748,0.8219231453346861,1.3600942448776203,0.9756159276745588,-1.118747853336787,1.4674405996578228,0.0,-0.1,0.0,5,3,2,5,1,0,2,2,5,4,5,3,4,1,3,3,0,2,5,0.071349815,-0.32117808,0.07978003,0,0,5,3,0,2,2,2,3
-2.087402600783708,1.1780423590845501,-1.0896432278846644,0.3404493080947679,-1.118747853336787,0.1787047100285873,0.1,-0.1,-0.1,5,3,3,3,5,2,3,3,6,4,5,6,2,4,6,5,4,5,2,-0.8525396,-0.9077681,-1.0667753,0,3,6,1,4,3,2,3,1
-0.002741820492509804,-0.60255370966477,-0.5996957333322074,0.6580326178846634,0.6598655859903783,-0.6804525497242363,0.1,-0.1,0.05,1,0,0,4,0,1,3,1,1,0,5,1,0,2,0,0,1,4,5,1.308197,0.7716474,1.0600959,0,6,6,3,2,2,2,2,2
-0.5550098059951822,0.4658039315848221,-1.5795907224371213,-0.29471731148502295,-0.22944113367320432,1.4674405996578228,-0.1,-0.05,0.1,5,2,3,3,6,2,3,5,6,2,3,4,5,6,4,2,6,4,6,-0.14674021,-0.21475524,-0.036951974,0,5,2,0,3,3,4,2,2
-0.6502540467970794,0.10968471783495806,-0.10974823877975046,1.2931992374644543,-1.118747853336787,-0.6804525497242363,-0.05,0.0,-0.1,3,1,4,3,2,3,3,0,3,1,6,2,5,5,4,1,3,4,5,-0.0007529259,0.23466307,-0.48125547,1,2,5,5,2,1,3,2,3
0.9549261001447982,1.1780423590845501,-1.5795907224371213,-0.9298839310648138,0.6598655859903783,0.608283339904999,0.0,0.05,-0.05,3,3,3,0,0,2,1,2,3,1,0,1,3,4,2,2,3,1,6,0.7059502,0.89564204,0.89614135,2,6,3,3,0,2,1,2,3
-0.07381380487588714,0.10968471783495806,0.38019925577270647,-0.9298839310648138,-1.118747853336787,1.4674405996578228,-0.05,0.1,-0.05,3,0,3,4,4,4,3,1,2,0,2,3,6,5,6,5,6,3,2,-0.14234257,0.018546164,0.04370282,1,1,0,3,3,2,2,1,0
0.9392636482590248,0.8219231453346861,0.38019925577270647,1.6107825472543496,0.6598655859903783,-0.25087391984782453,0.0,0.1,0.0,0,2,0,0,3,3,1,2,3,1,2,2,4,4,2,2,1,3,5,0.71199936,0.8562719,0.9229266,4,4,5,1,3,2,1,0,1
2.3607538910054204,-0.24643449591490596,-0.5996957333322074,-1.2474672408547092,-0.22944113367320432,1.0378619697814109,-0.1,0.0,-0.1,2,1,0,4,1,0,0,1,1,1,2,0,1,3,1,0,5,4,3,1.1168059,1.226891,1.0062929,1,5,4,1,4,1,0,3,2
0.7199727808667054,-0.9586729234146341,0.38019925577270647,0.6580326178846634,0.6598655859903783,1.0378619697814109,-0.1,0.0,0.0,2,3,2,4,0,2,0,0,3,1,6,0,0,1,2,3,4,3,3,0.8537481,0.75397176,0.79957205,2,0,6,1,2,1,0,6,0
-0.44711714211371617,1.1780423590845501,-0.5996957333322074,-1.2474672408547092,0.6598655859903783,0.608283339904999,0.1,-0.1,-0.1,2,1,2,4,0,2,0,0,0,1,0,3,2,2,3,4,6,4,6,0.60028934,0.55504906,-0.15241951,0,1,2,3,3,5,2,1,0
-0.2257177062153419,1.5341615728344142,-0.10974823877975046,-0.29471731148502295,-0.22944113367320432,-0.25087391984782453,0.1,-0.1,-0.1,3,3,3,0,4,4,0,2,3,1,4,2,2,3,3,5,0,4,5,0.26570284,0.03465969,0.12361388,1,1,2,5,3,2,1,2,1
0.6317966190108859,0.10968471783495806,-1.0896432278846644,0.9756159276745588,1.1045189458221696,-1.1100311796006481,0.1,0.1,0.1,2,0,3,0,2,3,0,0,0,2,3,1,4,0,2,0,3,4,6,1.3479842,1.1390238,0.9200082,2,6,5,2,4,2,2,2,3
-0.7103534029355646,-1.314792137164498,-0.5996957333322074,0.3404493080947679,0.21521222615858698,-1.1100311796006481,-0.05,-0.1,0.0,0,0,1,4,0,2,3,2,2,1,0,0,2,1,0,4,4,3,6,0.7133673,0.6274115,1.1466765,2,3,6,4,6,2,3,2,0
0.590028817762804,-0.24643449591490596,-1.5795907224371213,-0.6123006212749184,1.1045189458221696,-0.6804525497242363,-0.05,-0.1,0.05,2,0,2,1,0,0,0,2,1,0,0,1,0,0,1,2,6,4,5,0.8641444,0.80242413,1.1418847,2,3,6,3,2,5,2,3,3
1.9549987526265218,1.1780423590845501,-0.10974823877975046,1.6107825472543496,0.6598655859903783,-1.53960980947706,-0.05,0.0,-0.1,4,1,0,3,0,1,1,1,3,3,1,6,2,3,4,0,1,2,5,0.59628093,1.0624051,1.1191154,1,4,4,2,0,2,1,2,0
2.3860636165838423,-1.670911350914362,0.38019925577270647,1.2931992374644543,1.1045189458221696,1.4674405996578228,0.1,0.05,0.0,3,2,2,1,1,2,0,0,0,0,2,0,0,0,6,0,6,3,3,1.5559853,1.5701197,1.6127236,6,2,6,1,0,1,1,4,2
-0.10931422335994642,0.4658039315848221,1.3600942448776203,1.6107825472543496,-1.118747853336787,-1.53960980947706,-0.1,-0.1,0.05,3,1,2,3,1,2,1,2,2,1,2,3,0,4,3,3,3,2,6,-0.047829017,0.26823723,0.19864465,0,5,3,3,2,2,3,0,2
-1.0534817030471562,0.4658039315848221,-1.5795907224371213,-1.2474672408547092,1.5491723056539608,0.1787047100285873,-0.05,0.0,-0.05,4,0,5,3,2,3,0,2,0,2,3,2,1,0,2,2,6,3,6,0.52011013,0.54137534,0.7440437,2,6,4,3,4,2,0,3,3
-1.577214004176146,1.5341615728344142,0.38019925577270647,0.9756159276745588,1.1045189458221696,1.4674405996578228,-0.05,0.1,0.0,5,2,4,5,3,3,4,3,5,6,6,0,5,0,1,4,1,2,3,-0.5762001,-0.25993335,-0.38522315,1,3,3,3,2,1,0,5,4
-2.1905044768569346,1.1780423590845501,-0.5996957333322074,0.3404493080947679,0.21521222615858698,-0.6804525497242363,0.05,0.0,-0.05,5,3,2,5,3,3,6,2,3,6,2,3,3,4,4,5,6,4,6,-0.09620661,-0.6652131,-0.29625487,1,1,0,3,3,4,3,3,2
0.30340186640147965,1.5341615728344142,-1.0896432278846644,-1.2474672408547092,1.1045189458221696,-0.25087391984782453,0.1,0.05,0.0,0,3,2,3,0,2,0,0,3,6,3,3,2,2,3,2,6,4,5,0.7639804,0.9002069,0.6032746,1,3,4,5,1,2,3,0,0
-0.7113618069971499,0.4658039315848221,-1.5795907224371213,-0.29471731148502295,-1.5634012131685782,-0.6804525497242363,-0.05,0.05,-0.1,3,2,4,5,3,4,2,2,2,4,3,2,4,4,6,4,6,3,3,-0.28642553,-0.11991078,-0.4354977,1,3,2,3,1,6,2,2,1
-0.038625058943418125,0.8219231453346861,-1.5795907224371213,1.2931992374644543,1.5491723056539608,-1.1100311796006481,-0.1,-0.1,0.05,4,1,2,3,1,1,1,1,0,1,2,2,2,1,4,2,6,4,5,0.5756474,0.42944536,0.65626734,3,6,6,0,0,4,1,2,2
-0.5329369665354089,-0.9586729234146341,-1.0896432278846644,-0.6123006212749184,-1.118747853336787,-1.1100311796006481,0.0,0.0,-0.05,3,1,0,2,0,1,1,4,4,2,3,0,5,2,0,4,1,4,6,0.71313196,1.3792382,0.069874436,2,5,3,3,0,3,2,3,0
0.5218470520052724,0.10968471783495806,-1.5795907224371213,0.02286599830487249,0.21521222615858698,-1.53960980947706,-0.05,-0.1,-0.05,0,0,3,0,0,1,1,0,2,0,1,2,2,1,2,5,6,4,6,0.8551436,0.9247279,1.1476771,1,6,3,1,3,2,1,6,2
0.2469275888569761,0.8219231453346861,1.3600942448776203,1.6107825472543496,1.5491723056539608,-1.1100311796006481,-0.05,-0.05,0.1,2,0,5,3,0,2,1,0,1,0,0,1,2,1,3,1,6,4,5,0.82046753,0.9376432,0.9887974,2,3,4,3,3,2,2,3,3
-0.4521603499922449,1.1780423590845501,-1.5795907224371213,0.9756159276745588,-1.118747853336787,-1.1100311796006481,0.05,-0.1,-0.1,1,2,3,6,5,1,6,1,6,4,4,3,4,6,4,4,6,4,0,-0.23267098,-0.07118335,-0.40676227,2,4,6,3,2,2,1,1,1
-1.2899471037495251,0.8219231453346861,-0.10974823877975046,1.2931992374644543,-1.5634012131685782,0.1787047100285873,0.0,-0.05,0.1,1,3,0,6,6,1,3,6,6,6,5,6,6,5,6,6,2,4,3,-0.8338044,-0.7971803,-0.2243635,1,3,2,3,3,2,2,1,3
-0.6335133474512626,-0.24643449591490596,0.38019925577270647,-0.29471731148502295,0.21521222615858698,0.1787047100285873,-0.05,-0.05,-0.05,2,3,2,3,0,2,1,2,4,2,2,2,3,3,3,2,6,4,3,0.57698935,0.15629849,0.6704755,1,3,5,2,1,4,0,4,6
-0.12317980369314405,-0.60255370966477,-1.5795907224371213,0.3404493080947679,1.5491723056539608,0.1787047100285873,0.1,-0.05,0.05,5,2,2,3,0,0,1,1,5,0,0,1,0,3,0,4,4,4,5,1.0389023,0.6751928,1.3606524,2,6,6,0,3,4,2,4,2
-0.7348936669215127,1.5341615728344142,0.38019925577270647,-1.2474672408547092,0.21521222615858698,0.608283339904999,-0.05,0.1,0.1,2,4,3,4,5,2,3,5,4,2,3,3,4,4,0,3,6,3,4,0.034706175,0.25609955,0.44246823,2,0,4,3,5,6,2,2,1
0.7434326562618493,-1.670911350914362,0.38019925577270647,-0.29471731148502295,-0.6740944935049956,-0.25087391984782453,0.05,-0.1,0.05,4,0,3,0,1,0,0,0,1,1,0,3,0,1,4,2,6,4,4,1.169615,1.2389379,1.1600693,1,4,5,1,4,2,2,1,2
-0.5415128544353354,-0.60255370966477,-0.10974823877975046,-0.6123006212749184,-0.6740944935049956,1.0378619697814109,-0.05,-0.05,0.05,3,2,3,4,0,4,3,2,2,1,2,3,2,5,0,4,6,3,3,0.20230743,0.109788515,0.4036781,1,2,0,1,2,2,2,4,0
0.24017638304779856,1.1780423590845501,1.3600942448776203,0.6580326178846634,-0.6740944935049956,-0.6804525497242363,-0.1,-0.1,-0.1,1,3,3,3,4,1,4,3,1,1,3,2,2,1,6,4,6,4,5,0.34493357,-0.0030812174,0.0030456632,3,0,3,6,4,2,0,1,0
-0.12433683948111963,1.5341615728344142,0.8701467503251634,0.6580326178846634,-1.5634012131685782,-0.25087391984782453,0.0,-0.1,0.05,3,1,4,6,5,2,3,1,4,3,2,3,6,4,6,5,5,2,3,-0.2921213,-0.3169751,-0.08669177,2,0,3,3,2,2,2,2,3
-1.227704941152497,-1.314792137164498,0.8701467503251634,1.6107825472543496,1.5491723056539608,0.1787047100285873,-0.05,0.05,0.0,2,2,2,1,3,1,3,2,3,5,2,0,2,1,0,2,6,2,6,1.0194714,0.44916186,0.5633844,2,3,2,0,4,2,2,2,2
0.7515595418605251,-0.60255370966477,-1.0896432278846644,-0.29471731148502295,-0.22944113367320432,-1.1100311796006481,0.05,0.1,0.0,1,0,2,4,1,0,0,1,0,0,1,0,3,1,0,2,6,4,5,1.0822877,1.1739558,1.270449,3,6,5,3,3,4,2,1,3
-0.3573822010190418,-0.24643449591490596,-0.5996957333322074,1.6107825472543496,-1.118747853336787,1.4674405996578228,-0.05,-0.05,0.1,5,1,2,6,3,4,6,5,6,6,6,0,5,4,2,5,1,2,3,-0.070174664,-0.25507593,-0.25456738,1,3,2,3,0,2,1,2,3
1.1244878151518407,1.5341615728344142,-0.5996957333322074,-0.29471731148502295,1.5491723056539608,0.608283339904999,0.1,0.05,0.05,4,1,2,0,2,0,4,1,0,1,5,1,3,4,0,3,3,2,3,0.7307091,0.8882561,1.0812703,3,4,5,3,0,2,0,1,0
1.1331282600635466,0.10968471783495806,-1.5795907224371213,-1.5650505506446046,-0.22944113367320432,-0.25087391984782453,0.1,-0.1,-0.05,4,0,4,4,0,0,3,3,1,0,2,1,0,0,0,0,6,6,5,0.9412687,0.42973873,1.0430865,2,4,5,3,2,4,1,5,3
0.07993095110706445,-0.9586729234146341,-0.5996957333322074,1.2931992374644543,0.21521222615858698,0.608283339904999,0.05,0.1,-0.1,3,1,3,4,0,2,3,2,4,1,1,1,6,4,0,1,4,3,4,0.805216,0.79819196,0.4581021,2,4,3,0,0,2,1,4,3
1.5945918056756843,1.1780423590845501,-1.0896432278846644,1.2931992374644543,1.1045189458221696,0.1787047100285873,0.0,0.0,0.05,2,3,1,5,2,0,1,4,1,1,2,0,2,2,3,1,2,2,3,0.63674474,0.36745265,1.0337176,4,5,6,0,4,2,0,4,2
-0.2006863956182017,0.10968471783495806,0.8701467503251634,0.02286599830487249,-0.22944113367320432,0.608283339904999,0.1,0.1,0.1,4,3,2,4,1,3,3,2,6,0,3,2,0,3,1,0,2,4,5,0.6683104,0.14318961,0.72239935,1,1,5,3,4,2,1,4,2
-0.6785034482975677,1.5341615728344142,-0.5996957333322074,-0.29471731148502295,0.6598655859903783,-1.53960980947706,-0.1,0.0,-0.1,2,0,0,3,1,4,1,2,2,4,3,2,4,2,1,2,6,4,4,0.47917798,0.43793547,0.13510257,2,6,6,0,4,6,2,0,2
0.24184130362048403,0.10968471783495806,-0.10974823877975046,0.3404493080947679,0.21521222615858698,-0.6804525497242363,-0.1,0.0,0.0,3,0,0,3,1,1,1,2,2,3,3,2,0,1,0,1,4,3,4,0.65335184,0.9573605,0.66869575,2,3,3,2,0,1,2,4,1
-0.47935986084323756,-0.9586729234146341,0.38019925577270647,0.02286599830487249,-0.22944113367320432,1.4674405996578228,0.0,-0.05,0.0,1,1,2,2,2,1,1,2,5,1,3,3,0,4,4,4,0,3,2,0.21540141,0.46980852,0.3949886,1,1,4,3,3,2,2,3,2
1.1864463583870046,0.4658039315848221,0.8701467503251634,-1.2474672408547092,1.5491723056539608,0.1787047100285873,0.0,0.05,-0.05,0,2,1,3,0,1,2,0,3,0,0,0,0,2,0,3,6,4,5,1.4754559,1.620141,1.5604368,5,3,2,1,0,2,4,0,0
-0.0067838778281148525,0.8219231453346861,-0.10974823877975046,1.2931992374644543,-1.118747853336787,1.4674405996578228,0.1,0.0,0.05,6,5,3,3,5,4,6,3,5,0,2,2,6,4,6,5,2,0,4,-0.18429817,-0.24506769,-0.5125066,1,5,0,1,0,0,1,4,1
-0.20503750773279142,1.5341615728344142,1.3600942448776203,-0.29471731148502295,-0.6740944935049956,-1.1100311796006481,-0.05,0.05,0.05,2,3,3,3,4,4,1,1,1,1,2,3,3,0,0,6,6,3,4,-0.07282707,0.553274,0.45964396,1,3,2,5,4,2,2,3,0
1.3934570226984009,0.10968471783495806,-0.5996957333322074,1.6107825472543496,0.6598655859903783,-0.6804525497242363,0.05,0.1,0.0,2,3,2,3,0,1,0,1,1,1,1,3,1,5,4,2,6,4,4,1.0237283,0.9650172,0.7522974,6,5,6,1,0,6,2,1,2
-0.99126575662364,-0.9586729234146341,-0.5996957333322074,-1.5650505506446046,-1.118747853336787,-0.25087391984782453,-0.1,0.1,0.1,2,2,2,4,1,6,2,1,2,2,0,0,2,4,3,4,6,4,3,0.4633938,0.7518271,0.81515074,1,1,1,3,4,2,3,2,1
-0.4713296934141184,1.1780423590845501,0.38019925577270647,0.3404493080947679,0.21521222615858698,-0.6804525497242363,-0.1,0.05,-0.05,1,1,0,1,1,4,3,0,2,4,6,2,2,1,0,2,3,3,3,0.04865156,0.65246034,0.24011226,4,5,2,5,5,2,2,1,2
0.6275568737726354,0.4658039315848221,-1.5795907224371213,0.3404493080947679,-0.6740944935049956,-0.25087391984782453,0.0,-0.05,-0.1,4,4,3,3,6,2,4,1,2,2,5,3,2,4,0,2,2,2,0,0.07814221,0.334489,0.3091461,2,6,4,3,2,0,3,3,3
1.2695077752242767,-1.670911350914362,-1.0896432278846644,-0.6123006212749184,0.6598655859903783,-0.6804525497242363,-0.05,0.05,-0.1,0,0,0,0,0,1,2,2,3,0,0,0,2,0,0,0,6,6,6,1.1860137,1.3147675,1.5352722,2,4,6,1,0,2,0,1,2
-1.252547358986778,-1.314792137164498,0.38019925577270647,0.02286599830487249,1.1045189458221696,-1.1100311796006481,0.0,0.0,0.05,0,2,1,0,0,0,0,1,1,1,6,0,2,0,5,0,6,6,6,1.1740468,0.9942389,0.723549,2,5,2,3,1,2,2,2,0
-1.6575728487612442,0.10968471783495806,1.3600942448776203,-0.9298839310648138,0.21521222615858698,1.0378619697814109,-0.05,0.1,-0.1,4,2,2,5,1,2,4,4,0,6,2,2,2,4,6,4,6,2,4,0.38556075,0.15037966,-0.03820861,0,3,0,1,4,2,2,0,3
0.7065735450884258,-0.9586729234146341,0.8701467503251634,1.2931992374644543,-1.118747853336787,-0.6804525497242363,0.05,-0.05,0.0,2,0,1,3,0,3,4,3,1,2,5,3,3,0,0,2,4,5,5,0.8485604,0.5805718,0.6531424,1,3,0,3,3,2,2,2,3
0.9923986271338595,0.4658039315848221,1.3600942448776203,0.9756159276745588,0.21521222615858698,1.0378619697814109,-0.1,0.05,-0.1,3,3,1,4,2,4,1,1,4,0,3,0,1,3,0,3,4,2,0,0.54731727,0.29069412,0.5384784,2,3,2,3,5,2,1,1,2
0.5729290198763034,-0.9586729234146341,-0.10974823877975046,0.6580326178846634,0.21521222615858698,1.0378619697814109,-0.05,0.0,-0.1,4,2,2,4,1,0,1,0,2,2,0,1,5,1,0,6,4,2,4,0.87661797,0.7644679,0.20292565,2,4,2,0,1,1,0,2,2
0.38481239671585055,0.4658039315848221,-1.5795907224371213,-0.29471731148502295,1.5491723056539608,0.608283339904999,0.1,0.05,-0.1,0,4,2,3,1,0,1,1,0,2,2,1,2,4,3,1,6,3,3,0.94955766,0.9246985,0.5129462,2,6,6,0,3,1,1,4,0
-0.2837165413804725,1.1780423590845501,-0.10974823877975046,0.6580326178846634,-1.118747853336787,1.4674405996578228,-0.1,0.1,0.0,3,3,3,0,1,2,2,1,2,1,6,3,2,6,3,5,0,3,0,-0.69773525,-0.21549529,-0.8555374,0,0,4,2,3,2,2,4,2
0.23064264405762944,1.5341615728344142,-1.0896432278846644,1.6107825472543496,1.1045189458221696,1.0378619697814109,-0.1,-0.05,-0.05,3,3,3,3,5,4,3,3,6,3,4,4,5,4,5,5,4,3,3,-0.17832167,0.15356193,-0.109242916,2,3,3,2,1,0,1,5,4
1.6574015958375217,-0.60255370966477,1.3600942448776203,-0.29471731148502295,1.1045189458221696,0.1787047100285873,0.1,-0.1,0.0,0,0,0,1,0,1,0,0,0,2,0,1,0,0,1,0,6,2,5,1.5759467,1.2881312,1.7297918,4,3,6,1,3,2,2,1,1
-1.1051436917297977,-1.314792137164498,-1.0896432278846644,0.9756159276745588,-0.22944113367320432,0.1787047100285873,0.1,0.05,-0.05,5,0,2,4,2,2,6,2,6,2,3,2,3,1,3,2,4,3,6,0.5945107,-0.017607987,0.06619507,1,6,3,3,4,4,1,4,3
-1.229985515156161,0.8219231453346861,0.38019925577270647,-0.9298839310648138,0.21521222615858698,1.0378619697814109,-0.1,-0.1,0.0,2,3,4,1,3,3,3,2,1,3,3,3,3,4,5,5,6,3,3,-0.039136715,-0.21090531,-0.2776184,1,0,3,1,0,2,4,3,2
-0.5128052399568817,-0.9586729234146341,1.3600942448776203,-0.29471731148502295,-0.6740944935049956,-1.53960980947706,0.05,-0.1,0.1,0,0,2,5,0,0,1,2,4,1,1,1,3,1,1,2,6,6,5,0.97075576,0.6970906,0.92625946,4,6,3,3,0,2,2,2,2
