Age,Farmsize,TechEngagement,RiskPref,DSTExperience,AdvisorExperience,TruePerformance_relTo90,AIA_1,AIA_10,AIA_11,AIA_12,AIA_13,AIA_14,AIA_15,AIA_16,AIA_2,AIA_3,AIA_4,AIA_5,AIA_6,AIA_7,AIA_8,AIA_9,BI_1,BI_2,BI_3,EE_1,EE_2,EE_3,PE_1,PE_2,PE_3,PE_4,SI_1,SI_2,WTP_DST_relTo90,WTP_H_relTo90
0.2146548574852171,-0.5133975466788199,1.0032280421537043,0.6559409665548231,-0.9861575348712327,0.2747228706871439,-5,3,2,3,2,4,0,1,4,4,0,0,4,2,4,5,1,1,1,3,2,5,3,4,3,5,3,4,4,-1.3977114,-1.9339178
-0.20388041196942547,0.18226308567730462,1.0032280421537043,-0.31822878575432034,-0.9861575348712327,-0.1572313285064785,5,0,5,3,2,2,1,1,4,0,0,3,2,1,2,1,0,1,0,2,4,4,4,1,3,5,0,4,4,4.837154,2.3075333
-1.4872754323629163,-1.5568884952130064,0.4785271832867041,0.6559409665548231,1.5381364963691242,0.7066770698807663,5,5,2,0,2,2,3,1,6,3,3,1,3,3,0,4,3,3,4,4,4,1,3,3,1,5,4,1,4,3.3958492,3.6549113
-0.035616533763241795,-0.861227862856882,-0.04617367558029606,-1.2923985380634637,-1.4068732067446255,1.570585468268011,-5,4,1,4,0,2,2,1,2,5,3,0,5,2,1,1,1,3,4,4,1,2,6,6,3,3,3,4,1,-3.4831023,-1.5600005
0.5089461103987601,0.5300934018553668,0.4785271832867041,-0.31822878575432034,1.5381364963691242,-1.4530939260873457,5,2,3,0,2,4,0,1,1,3,0,0,0,3,0,1,0,2,1,1,5,6,1,1,4,4,3,3,2,4.92674,3.3561451
2.7235467515581715,-1.2090581790349442,-1.0955753933142964,1.6301107188639665,-1.4068732067446255,-0.5891855277001009,5,3,6,6,3,5,3,4,4,6,4,4,6,4,4,5,5,0,0,1,4,6,4,5,1,0,0,4,4,1.1001347,4.555907
0.13194104945108245,-1.5568884952130064,0.4785271832867041,0.9806642173245376,0.6967051526223386,1.570585468268011,0,2,5,6,5,5,6,6,6,5,4,6,5,4,3,5,1,1,0,1,1,1,0,4,6,5,3,2,3,1.3586923,1.8058026
0.2720890894997869,-0.1655672305007576,-0.04617367558029606,1.305387468094252,1.1174208244957313,-1.0211397268937232,0,1,5,1,3,1,0,2,4,0,5,4,4,1,0,1,0,1,4,0,2,4,5,1,3,5,0,5,6,3.770598,1.716572
-1.3950606475779541,1.5735843503895535,1.0032280421537043,1.6301107188639665,-1.4068732067446255,1.570585468268011,-5,1,1,0,0,0,0,0,0,0,0,4,0,4,2,0,0,4,3,4,4,5,3,3,2,5,3,5,4,1.2307993,-2.228547
-0.9450144011750647,-0.861227862856882,1.5279289010207047,0.9806642173245376,1.5381364963691242,-0.1572313285064785,-5,4,5,2,1,2,1,5,3,0,5,3,0,3,2,4,4,1,3,2,0,4,3,6,4,3,0,4,5,-0.78611046,-0.63431287
0.18358425697237904,0.5300934018553668,0.4785271832867041,-0.6429520365240348,-0.9861575348712327,1.1386312690743887,-5,0,2,4,1,4,3,2,6,3,1,4,3,2,3,4,0,3,1,4,2,4,5,6,6,3,3,6,4,-2.782309,-1.8002017
-0.7563035998984629,0.8779237180334291,1.5279289010207047,0.6559409665548231,-0.5654418629978399,0.7066770698807663,-5,0,2,0,2,0,0,1,3,0,1,2,5,2,2,0,0,3,1,2,2,3,3,5,2,5,2,4,5,-0.35456762,-2.196801
0.9587502952227254,-0.861227862856882,-0.04617367558029606,1.6301107188639665,0.6967051526223386,1.1386312690743887,0,3,4,4,4,2,3,2,6,3,4,6,5,3,5,6,5,1,1,2,0,5,2,3,0,1,1,1,2,-0.8071747,1.4803872
0.17454357124396086,-0.861227862856882,-0.5708745344472963,0.6559409665548231,-0.9861575348712327,1.570585468268011,-5,3,3,3,2,2,1,5,5,4,5,4,6,3,2,5,1,3,4,4,5,2,3,6,5,5,3,4,2,-2.2510738,-1.5629488
1.0810401293129883,-0.1655672305007576,-0.5708745344472963,-0.9676752872937493,-1.4068732067446255,-1.4530939260873457,5,0,0,0,0,0,0,1,3,2,3,3,0,1,3,3,1,2,1,3,5,5,2,5,2,5,1,1,2,4.0781775,2.3071287
1.5758329311737824,1.5735843503895535,1.5279289010207047,-0.6429520365240348,0.6967051526223386,1.1386312690743887,5,5,3,5,6,2,3,4,6,5,4,5,6,4,2,5,5,0,0,0,4,5,0,0,1,1,0,2,5,3.4821384,3.9856138
0.8989097735241751,-0.861227862856882,-1.6202762521812968,0.6559409665548231,-0.5654418629978399,-1.4530939260873457,-5,3,0,3,2,2,2,1,6,3,1,3,5,3,2,3,1,1,4,2,5,6,6,1,2,2,3,1,4,0.35089183,-2.0625005
-0.20495329748223795,0.5300934018553668,1.5279289010207047,-0.9676752872937493,0.27598948074894575,-0.5891855277001009,0,0,0,2,2,0,3,1,5,6,0,2,0,2,0,4,0,4,1,2,4,2,2,2,3,5,4,5,2,2.0333734,0.24820763
1.7162539054906312,-0.5133975466788199,-0.5708745344472963,-0.6429520365240348,-0.5654418629978399,1.1386312690743887,0,5,6,6,3,6,1,3,3,6,6,6,3,5,4,6,6,2,4,2,0,4,4,0,3,0,2,2,0,2.0103483,-0.99391377
-0.7015922492337366,-1.5568884952130064,1.0032280421537043,-0.6429520365240348,0.6967051526223386,1.570585468268011,5,5,5,0,4,5,5,3,2,5,4,4,5,3,3,3,1,3,2,2,0,4,1,4,6,5,3,4,5,4.795088,5.192926
-0.3860342302130744,-0.5133975466788199,-1.0955753933142964,0.006494465015394151,-0.14472619112444707,-0.5891855277001009,-5,2,2,1,1,1,0,1,0,4,1,0,0,2,2,3,4,3,1,4,5,1,4,4,3,4,4,0,4,-1.4689025,0.41133845
-1.8289585647916156,0.8779237180334291,-0.5708745344472963,-1.6171217888331784,1.5381364963691242,-1.0211397268937232,5,0,2,0,1,0,0,3,3,1,0,1,0,0,0,0,1,3,6,6,4,6,6,6,6,6,4,2,4,5.684883,4.110024
0.13231937921488224,-0.1655672305007576,1.0032280421537043,0.3312177157851086,-0.5654418629978399,1.570585468268011,0,2,5,1,2,4,2,2,3,3,4,4,4,3,2,4,2,0,0,1,0,1,1,1,6,4,1,4,4,0.81733215,0.03026998
-0.12097962276892506,-1.5568884952130064,-1.6202762521812968,0.6559409665548231,0.27598948074894575,1.1386312690743887,0,3,4,4,6,3,2,4,3,1,1,5,6,3,4,2,2,2,4,3,2,4,1,6,6,5,3,4,4,0.1539951,1.6017934
-1.5256359898064435,-0.1655672305007576,-1.0955753933142964,0.9806642173245376,-0.9861575348712327,-0.5891855277001009,5,0,0,0,0,0,0,0,2,0,0,0,0,0,0,0,0,4,6,4,1,6,1,6,6,6,3,2,4,5.294682,4.2072287
-0.2592247752140159,1.2257540342114912,0.4785271832867041,0.006494465015394151,-0.14472619112444707,-1.4530939260873457,0,5,0,0,2,0,0,1,0,0,1,1,5,3,0,6,0,2,6,4,5,4,3,3,4,4,2,1,2,0.18702245,0.41775364
1.0718988941544527,-1.2090581790349442,-0.04617367558029606,1.6301107188639665,-0.5654418629978399,-1.4530939260873457,0,3,2,6,2,1,1,3,5,3,3,6,2,1,0,0,1,2,1,2,2,5,6,1,3,1,1,1,4,1.8088424,-0.04532802
-0.8961898049584054,-0.861227862856882,-1.0955753933142964,-0.6429520365240348,-1.4068732067446255,-0.5891855277001009,5,2,0,3,0,1,1,0,0,0,0,0,2,1,0,0,1,4,6,5,2,4,6,4,6,5,3,3,4,4.639085,5.209525
-0.576337243504736,-0.861227862856882,1.0032280421537043,-1.6171217888331784,-1.4068732067446255,-0.1572313285064785,5,2,5,1,1,2,2,0,5,4,2,1,3,3,1,4,2,2,4,2,3,1,4,2,6,5,1,5,2,4.4599442,3.789013
1.3631004821947559,-1.2090581790349442,0.4785271832867041,-1.6171217888331784,0.27598948074894575,0.2747228706871439,-5,3,5,0,3,4,2,4,6,5,6,6,5,3,5,6,4,0,1,0,2,3,1,4,2,2,0,1,3,-1.5796725,-1.4343921
1.2402388852671746,-1.5568884952130064,1.0032280421537043,-1.6171217888331784,-0.9861575348712327,-0.1572313285064785,5,4,6,3,4,1,3,2,6,4,5,0,5,3,6,5,1,1,0,0,2,4,5,2,0,2,1,1,0,2.1012545,3.4890175
-0.5751080263158832,-0.5133975466788199,-0.04617367558029606,1.6301107188639665,1.1174208244957313,0.2747228706871439,5,3,3,1,2,0,0,1,1,3,5,2,2,3,0,3,1,3,1,2,5,4,2,5,6,5,1,4,4,2.8018398,3.9619205
0.49442491724126203,-0.1655672305007576,1.0032280421537043,1.305387468094252,-0.14472619112444707,1.1386312690743887,0,5,3,2,3,6,3,2,2,0,3,5,5,3,2,1,4,1,1,0,1,3,3,1,3,4,0,4,4,0.9545466,1.6051438
1.6666854554515143,-0.861227862856882,-1.0955753933142964,0.006494465015394151,-0.9861575348712327,0.2747228706871439,0,6,4,6,1,1,2,2,4,3,6,5,4,2,4,5,3,2,2,2,2,2,3,4,3,1,3,2,0,1.6513265,1.1795025
-0.6223482447373236,-1.5568884952130064,-0.5708745344472963,0.006494465015394151,-0.5654418629978399,0.7066770698807663,0,0,3,1,1,3,0,1,6,4,2,2,5,2,3,3,3,2,5,5,5,4,0,6,3,5,2,0,2,-0.7730646,1.8236971
-1.035902585344573,-0.861227862856882,1.5279289010207047,0.3312177157851086,-0.5654418629978399,-1.0211397268937232,5,0,5,0,3,0,3,1,0,4,1,0,2,1,2,4,4,4,4,2,2,4,0,5,3,5,4,4,4,5.030075,3.3429747
1.2573619325112726,0.5300934018553668,1.0032280421537043,0.006494465015394151,0.6967051526223386,1.570585468268011,5,4,2,4,4,3,3,4,6,5,0,6,3,3,4,6,4,0,0,0,2,1,0,0,1,2,3,1,3,2.9284823,3.6739838
-0.6189342296282213,0.18226308567730462,-1.0955753933142964,-0.31822878575432034,-0.9861575348712327,-0.1572313285064785,-5,2,6,0,0,0,0,0,0,0,4,1,0,1,2,0,0,6,2,5,3,6,6,6,6,6,3,6,5,0.5505791,-0.39246964
1.6709088548287314,0.8779237180334291,-0.04617367558029606,-0.9676752872937493,0.6967051526223386,-1.4530939260873457,-5,4,5,3,3,2,2,0,3,5,3,1,2,3,3,4,3,2,0,0,5,4,6,6,0,0,1,0,4,-1.0733311,-1.6585042
-0.36778711579720713,0.18226308567730462,-0.04617367558029606,1.6301107188639665,0.27598948074894575,0.2747228706871439,-5,3,0,0,0,2,0,1,0,0,1,1,2,2,0,4,1,3,3,2,3,5,3,6,4,2,4,2,2,-1.0240353,-1.7842569
-1.6214416983156987,-1.5568884952130064,-0.5708745344472963,0.3312177157851086,1.5381364963691242,-0.1572313285064785,0,2,1,0,2,1,1,1,3,5,2,2,5,2,0,1,0,6,6,6,0,4,4,6,5,6,3,5,4,2.8051183,0.053186655
-0.7626996971887008,-0.5133975466788199,1.0032280421537043,1.6301107188639665,-0.9861575348712327,-0.1572313285064785,0,0,0,0,1,0,2,0,0,0,2,0,2,1,0,0,1,2,4,2,5,5,3,5,4,3,4,6,4,3.0284882,2.807518
-2.261369249664659,1.2257540342114912,1.0032280421537043,-0.31822878575432034,0.27598948074894575,1.1386312690743887,0,0,0,0,2,0,0,0,0,0,0,1,3,0,0,4,0,6,4,6,5,4,3,5,6,6,6,6,4,3.0510442,1.1022547
0.31107827160218393,-0.5133975466788199,-1.6202762521812968,-0.6429520365240348,-1.4068732067446255,0.2747228706871439,5,0,2,0,0,1,2,2,6,4,0,4,3,3,2,3,1,4,4,4,5,5,2,5,0,6,3,2,5,4.5736537,2.9855618
-0.12729551583685578,-1.5568884952130064,-1.6202762521812968,-1.2923985380634637,-0.5654418629978399,0.7066770698807663,5,1,2,5,2,2,3,3,5,0,3,4,2,5,2,2,2,6,6,1,3,4,4,6,3,4,1,1,1,2.5395184,3.9815722
0.5203982506810472,0.8779237180334291,-0.5708745344472963,-1.2923985380634637,0.27598948074894575,-1.4530939260873457,0,0,3,1,1,2,2,0,0,0,0,0,0,1,2,0,0,2,3,5,5,4,5,1,2,1,2,2,4,2.112045,-0.31475306
-1.6903979262412119,-0.5133975466788199,1.0032280421537043,-0.9676752872937493,0.6967051526223386,-1.0211397268937232,0,0,0,0,1,2,2,0,2,1,3,0,5,0,2,0,0,6,6,4,2,3,3,6,5,6,4,4,5,3.7100801,1.5033715
-0.4283060638662541,1.2257540342114912,-0.04617367558029606,0.3312177157851086,-0.5654418629978399,0.2747228706871439,5,1,1,0,6,0,1,0,0,2,4,0,0,3,3,2,1,1,4,2,5,4,5,3,5,5,3,1,4,5.0807557,3.4425454
0.5118466449504323,-0.1655672305007576,-1.0955753933142964,-0.6429520365240348,-0.9861575348712327,-1.0211397268937232,0,2,0,0,2,4,0,2,4,0,1,2,2,1,0,2,5,1,4,4,3,6,5,4,2,5,1,2,0,4.1460648,-0.13653982
1.0990328423930475,1.5735843503895535,1.0032280421537043,-0.31822878575432034,-0.5654418629978399,-0.1572313285064785,-5,1,4,0,1,2,1,0,1,0,3,2,5,3,1,4,1,1,1,1,3,5,3,1,2,2,3,2,4,-0.7352134,-2.2035356
0.08586578539654864,-0.1655672305007576,-0.04617367558029606,-0.9676752872937493,-0.14472619112444707,-1.0211397268937232,-5,2,0,0,0,3,0,1,0,1,4,2,4,3,2,5,3,1,1,3,2,6,3,1,2,3,3,2,4,-1.679933,-0.70468277
-0.2658119986833766,0.5300934018553668,-1.0955753933142964,0.6559409665548231,1.1174208244957313,-0.1572313285064785,-5,3,1,0,0,0,0,2,3,1,2,0,1,0,0,0,1,4,1,6,5,3,2,6,4,5,3,5,4,0.12454033,-3.0063481
-0.17081934591056008,1.2257540342114912,-0.5708745344472963,-1.6171217888331784,-0.5654418629978399,-1.4530939260873457,-5,0,0,0,1,1,0,0,1,0,4,0,0,0,0,1,0,6,6,4,4,6,6,5,3,6,3,2,4,0.14773317,-2.6206923
-0.4702370642517632,1.5735843503895535,1.5279289010207047,0.6559409665548231,0.27598948074894575,-0.1572313285064785,0,0,1,1,2,0,0,0,0,2,0,0,1,3,1,1,0,0,2,1,3,3,2,4,4,4,3,1,4,1.5941777,1.1612265
-0.3781730015696047,-0.5133975466788199,-0.5708745344472963,1.305387468094252,1.5381364963691242,-1.0211397268937232,-5,2,5,2,3,1,2,2,4,1,0,2,1,0,0,0,2,4,1,2,5,5,3,6,2,3,3,1,5,-0.5609026,-0.6281208
-0.19192778982528605,1.2257540342114912,1.5279289010207047,1.305387468094252,-0.9861575348712327,-1.4530939260873457,-5,3,0,0,2,0,2,1,0,1,0,0,0,0,2,3,0,2,3,0,2,4,5,5,2,2,0,4,4,1.0641783,-1.6275371
0.30028824365386747,0.8779237180334291,1.0032280421537043,-0.31822878575432034,0.6967051526223386,1.1386312690743887,0,2,5,3,2,2,2,2,4,6,4,4,3,3,4,6,2,3,1,2,1,0,1,4,4,2,2,4,1,2.2067122,-0.8648033
0.6546096731252933,0.5300934018553668,1.5279289010207047,-1.2923985380634637,-0.5654418629978399,0.7066770698807663,5,3,0,6,2,2,2,2,3,3,1,2,4,3,3,5,4,2,1,2,2,4,4,1,4,5,1,4,4,4.1548414,3.778271
-1.913266081312265,-0.1655672305007576,-0.04617367558029606,0.9806642173245376,-1.4068732067446255,-1.4530939260873457,0,0,1,0,0,0,0,0,0,0,0,3,0,0,0,1,0,4,2,6,3,6,3,6,4,6,4,5,4,4.252587,-0.087284446
0.07332175306258369,-0.1655672305007576,-1.0955753933142964,-0.6429520365240348,-0.5654418629978399,1.1386312690743887,5,2,5,3,2,2,0,3,3,4,4,2,2,2,2,2,1,1,5,5,4,4,6,6,4,5,3,2,6,4.655083,2.7304435
0.23849639239358938,1.2257540342114912,-1.0955753933142964,0.9806642173245376,-0.14472619112444707,-0.1572313285064785,-5,0,0,0,0,1,0,0,1,2,3,0,0,3,0,0,0,1,5,3,5,5,6,5,3,3,3,4,5,0.88112533,-2.646408
0.8941041354652214,1.5735843503895535,1.5279289010207047,-0.6429520365240348,1.5381364963691242,-0.5891855277001009,-5,2,5,3,1,1,0,2,4,2,4,5,4,3,5,4,5,1,1,0,2,6,0,2,0,0,3,3,4,-0.7888516,-0.8597587
-2.968191611150447,-1.5568884952130064,-1.0955753933142964,-1.6171217888331784,1.1174208244957313,0.2747228706871439,5,1,0,0,1,0,1,3,2,1,1,0,3,1,0,2,0,6,6,6,4,4,3,6,6,6,4,3,2,5.6017675,3.6337652
-0.24675961399561416,-1.5568884952130064,0.4785271832867041,-1.2923985380634637,0.27598948074894575,1.1386312690743887,-5,3,4,4,6,1,1,0,6,5,4,4,5,4,2,6,4,3,1,4,0,4,6,6,4,6,2,3,1,-2.475281,-1.3737842
-0.14233616933554782,1.2257540342114912,-0.5708745344472963,1.305387468094252,-0.9861575348712327,-1.4530939260873457,-5,1,0,0,0,0,0,0,0,0,0,0,0,0,0,0,1,3,2,6,5,6,6,4,1,3,3,6,4,2.4046936,-0.68793815
1.0530830177055064,0.18226308567730462,1.0032280421537043,1.6301107188639665,-1.4068732067446255,-0.5891855277001009,5,3,1,0,0,1,1,1,1,5,3,2,4,2,2,1,0,2,1,0,4,5,3,4,1,0,0,0,5,4.6008687,2.9502556
0.20760279617438557,-1.2090581790349442,1.0032280421537043,-0.6429520365240348,-1.4068732067446255,0.2747228706871439,5,2,3,0,2,4,0,2,3,5,5,5,2,3,3,4,5,3,1,3,2,5,3,5,3,5,3,5,2,4.5257125,4.8840322
1.0949669572642393,-0.1655672305007576,-1.0955753933142964,-0.31822878575432034,1.1174208244957313,-0.5891855277001009,5,3,4,4,2,4,4,2,1,2,4,4,4,5,5,6,5,2,1,2,3,4,0,3,3,1,2,3,4,3.931071,2.7879696
-0.04589223523320289,-1.2090581790349442,-0.04617367558029606,0.3312177157851086,-0.5654418629978399,-1.4530939260873457,0,2,0,0,0,2,2,0,0,0,1,0,2,4,2,2,1,1,4,2,5,3,5,4,2,6,2,1,1,0.49108064,1.545356
1.6755006311084903,0.5300934018553668,1.0032280421537043,0.3312177157851086,1.1174208244957313,1.1386312690743887,0,4,5,3,4,5,3,5,2,6,5,6,4,3,2,6,3,0,0,0,3,1,0,1,0,5,0,4,3,-2.8193405,3.8078756
0.9199070003512869,0.8779237180334291,0.4785271832867041,0.006494465015394151,1.5381364963691242,-1.4530939260873457,5,2,2,3,0,3,2,1,4,3,1,3,3,2,2,2,1,2,1,1,2,4,6,0,3,1,4,2,4,3.3196957,3.85046
-0.820947354185904,0.8779237180334291,-0.5708745344472963,1.6301107188639665,0.27598948074894575,0.2747228706871439,5,0,3,0,2,0,0,0,0,0,1,3,0,0,0,0,0,6,6,5,3,4,4,6,6,5,3,3,5,5.9696693,3.3254874
-0.19107122647295638,0.18226308567730462,-0.04617367558029606,-1.2923985380634637,1.5381364963691242,0.7066770698807663,5,1,2,4,0,4,4,1,3,6,1,3,3,3,4,3,4,2,3,4,2,4,2,2,6,5,2,4,2,3.8305864,3.652894
0.9825389249160351,-0.1655672305007576,1.0032280421537043,-1.2923985380634637,-0.14472619112444707,-1.0211397268937232,5,2,2,0,2,0,4,1,5,0,4,4,3,3,0,4,4,1,0,1,3,2,3,0,3,5,0,2,4,2.2689493,3.8246634
0.5456889104192255,1.2257540342114912,-0.5708745344472963,-0.9676752872937493,0.6967051526223386,-1.4530939260873457,5,1,0,1,2,1,0,2,5,0,1,2,2,2,2,3,6,2,2,3,5,6,4,1,1,5,2,3,2,5.6245275,3.0946538
0.6378080875550763,0.5300934018553668,-1.6202762521812968,-0.6429520365240348,-0.5654418629978399,-1.4530939260873457,5,1,3,0,0,0,2,1,0,1,0,1,0,0,0,2,3,2,1,2,5,6,4,0,4,2,3,5,4,5.222782,2.2751207
-0.8585947249994366,-1.5568884952130064,-0.04617367558029606,0.6559409665548231,0.6967051526223386,-0.1572313285064785,0,1,5,5,2,2,1,0,1,3,2,5,4,4,2,3,3,3,4,1,5,0,4,5,5,6,2,6,1,0.31242,0.08628136
-0.9263396301671999,-0.861227862856882,-0.04617367558029606,0.6559409665548231,1.1174208244957313,1.1386312690743887,-5,0,3,3,2,1,3,4,2,4,1,2,4,3,3,4,4,4,1,3,3,4,4,6,6,6,4,2,5,-2.1349008,-0.67324585
-0.08841274011302619,-0.861227862856882,-0.04617367558029606,-0.6429520365240348,-1.4068732067446255,0.7066770698807663,0,1,2,3,0,2,2,3,3,4,0,0,0,2,1,4,4,6,4,6,2,3,0,2,4,5,2,3,2,1.4448216,2.5587816
2.0979106537725394,0.8779237180334291,-1.0955753933142964,-0.31822878575432034,0.27598948074894575,-0.1572313285064785,-5,3,4,4,2,2,2,4,0,2,5,3,0,2,3,5,4,1,1,0,5,4,1,2,2,4,3,0,4,-0.31567907,-1.6952877
0.43069299813239714,-0.5133975466788199,-1.0955753933142964,-1.2923985380634637,-0.5654418629978399,1.570585468268011,0,3,2,2,3,2,0,2,3,3,4,4,2,3,4,6,2,4,4,4,5,4,4,4,6,5,3,2,0,0.44225603,-1.0475786
0.3582915569384157,-1.2090581790349442,1.5279289010207047,1.305387468094252,1.1174208244957313,-1.0211397268937232,0,3,5,3,2,2,3,3,5,4,3,6,3,4,3,4,5,0,2,4,2,0,2,2,4,2,1,1,4,0.99753,-0.36746228
1.9342175319194013,-1.5568884952130064,-0.04617367558029606,0.9806642173245376,-1.4068732067446255,1.570585468268011,0,4,6,4,4,5,5,3,6,6,5,6,5,5,5,5,6,0,0,0,1,3,0,0,2,2,0,2,0,1.1329658,0.74239683
-0.3180413641978787,0.8779237180334291,1.5279289010207047,0.6559409665548231,1.5381364963691242,1.570585468268011,0,0,1,3,4,1,2,4,2,0,4,5,0,3,6,4,3,4,2,1,2,3,2,2,5,3,1,6,5,1.9776304,1.3841777
0.37736099137767276,0.5300934018553668,1.0032280421537043,0.3312177157851086,-1.4068732067446255,-0.1572313285064785,5,4,1,3,2,0,0,2,3,4,4,0,1,1,0,4,1,3,1,4,2,3,4,4,3,3,3,2,4,3.1388545,2.986691
-0.981273449380719,-0.861227862856882,-0.5708745344472963,1.6301107188639665,-0.9861575348712327,-1.0211397268937232,0,0,2,1,0,0,0,2,0,0,0,0,0,0,0,0,0,2,5,2,5,6,6,4,3,6,2,6,4,2.3173208,0.95621204
-1.2527349822386495,1.2257540342114912,0.4785271832867041,1.6301107188639665,0.27598948074894575,0.2747228706871439,-5,0,0,0,0,1,0,1,0,0,2,2,0,0,2,2,0,4,1,2,4,4,3,6,5,6,3,5,5,-1.8219085,0.94610953
1.6918895191597079,1.5735843503895535,1.0032280421537043,-0.6429520365240348,-1.4068732067446255,1.570585468268011,-5,3,6,6,2,2,3,4,5,5,5,4,0,4,4,6,1,1,1,2,3,4,3,5,0,1,1,2,4,-4.3928523,-0.098594666
0.6432143201898433,-0.861227862856882,1.5279289010207047,0.9806642173245376,1.1174208244957313,-1.0211397268937232,-5,3,2,6,5,6,2,3,6,2,3,1,2,0,3,3,3,0,1,2,2,3,3,1,0,0,1,2,4,-1.1685117,0.32282734
-0.0691760028414377,0.5300934018553668,1.0032280421537043,-0.31822878575432034,0.27598948074894575,1.1386312690743887,0,1,4,3,3,2,3,1,5,0,3,4,6,2,1,0,1,1,1,3,2,5,4,1,0,3,2,2,4,1.5517838,0.88051194
0.46885340736233594,1.2257540342114912,-1.6202762521812968,0.006494465015394151,-0.9861575348712327,0.2747228706871439,0,0,1,0,2,0,0,0,1,0,1,0,3,3,0,1,0,3,4,4,4,5,5,3,4,1,2,2,4,2.5818698,-0.19072068
0.622146718703858,0.5300934018553668,0.4785271832867041,-0.31822878575432034,1.5381364963691242,0.7066770698807663,0,2,1,1,4,6,2,2,6,4,4,4,6,3,3,5,3,2,0,0,2,1,6,4,3,4,4,2,4,0.14291704,0.7659347
0.9906146636190517,-0.5133975466788199,0.4785271832867041,1.6301107188639665,1.5381364963691242,-0.1572313285064785,0,3,1,5,4,4,1,3,6,5,4,4,5,0,3,4,5,1,0,0,2,3,2,0,3,0,1,1,5,-1.0791461,2.1582034
-1.6823030292015937,-0.1655672305007576,1.5279289010207047,0.3312177157851086,-0.14472619112444707,-1.4530939260873457,0,0,0,0,1,0,0,0,0,4,1,0,0,1,2,1,0,2,6,4,5,4,1,5,6,4,3,2,5,3.8383508,2.1331244
-0.16522138540153444,0.5300934018553668,-0.5708745344472963,0.9806642173245376,-1.4068732067446255,0.7066770698807663,0,0,0,1,2,2,1,0,2,0,2,0,0,1,2,5,0,3,4,2,5,6,2,5,6,4,3,4,4,0.995898,0.50781274
-1.5049919570098786,-0.5133975466788199,1.0032280421537043,-0.31822878575432034,-0.14472619112444707,0.7066770698807663,0,4,0,1,1,4,0,0,0,2,0,0,4,3,2,1,6,4,6,4,3,3,0,6,6,6,6,4,5,1.8201413,0.477131
-1.6370226325675048,-1.5568884952130064,-0.04617367558029606,0.6559409665548231,1.5381364963691242,-1.4530939260873457,0,4,1,1,0,0,1,1,2,3,0,5,2,2,1,1,0,4,6,4,4,6,1,5,6,6,4,2,4,0.7365116,-0.38557673
1.5378582144885315,1.2257540342114912,-1.0955753933142964,-1.6171217888331784,1.1174208244957313,-1.4530939260873457,-5,2,2,4,2,3,2,3,0,2,2,5,5,4,2,3,3,2,1,4,2,4,4,2,5,4,1,1,2,-2.784947,-0.584522
0.3495492988154263,0.5300934018553668,-1.0955753933142964,-0.6429520365240348,0.6967051526223386,-0.5891855277001009,5,1,0,1,1,0,0,0,2,0,0,4,3,1,0,3,0,2,4,2,4,6,0,5,4,2,3,1,4,4.190808,2.897862
-0.03479205192434063,1.2257540342114912,-0.5708745344472963,-1.2923985380634637,-0.14472619112444707,0.2747228706871439,5,2,0,0,2,0,2,0,1,1,0,3,0,2,0,3,2,6,3,6,5,4,3,5,6,6,4,1,3,3.8001056,4.435941
0.32828093143990006,-0.1655672305007576,-1.0955753933142964,1.305387468094252,1.1174208244957313,-0.5891855277001009,0,1,4,1,2,2,0,2,3,6,1,2,5,3,3,3,1,1,1,3,2,6,6,4,4,4,4,0,4,0.23208904,1.0029224
-1.1399664435202166,-1.5568884952130064,-1.0955753933142964,1.305387468094252,-1.4068732067446255,-0.1572313285064785,0,0,1,0,0,0,0,0,0,0,2,1,0,2,2,3,3,3,2,6,5,2,5,5,6,6,4,1,2,1.0951977,-1.3969903
0.31820468821131104,-0.861227862856882,1.5279289010207047,0.6559409665548231,0.6967051526223386,1.570585468268011,-5,4,6,6,4,4,3,6,6,4,5,4,2,5,4,5,6,2,1,0,0,1,3,1,4,1,1,1,4,-1.954787,-0.7521469
1.2588391401996155,1.5735843503895535,-1.0955753933142964,0.9806642173245376,-0.5654418629978399,-0.1572313285064785,5,3,1,3,1,0,0,1,3,2,1,0,0,1,1,2,2,1,1,2,5,5,4,2,0,0,1,3,3,4.4517713,1.3415995
-0.11371465034389475,0.8779237180334291,-0.04617367558029606,-1.6171217888331784,1.1174208244957313,-1.4530939260873457,5,0,1,3,2,0,0,0,3,1,2,1,2,2,2,3,1,3,0,2,5,0,2,5,6,5,3,4,4,5.142473,4.2546644
-1.6513556850499376,0.18226308567730462,-0.04617367558029606,-0.31822878575432034,1.5381364963691242,0.2747228706871439,-5,0,0,0,0,1,0,0,2,0,0,0,1,3,4,1,1,2,6,4,2,4,2,6,6,5,3,4,3,0.49055767,-0.35896802
-0.31392339514021056,-1.2090581790349442,0.4785271832867041,-1.6171217888331784,1.1174208244957313,0.7066770698807663,5,4,6,3,3,4,2,2,6,4,5,4,6,2,4,3,3,4,1,1,0,2,3,6,3,5,3,1,4,3.07723,5.013108
1.524328284469929,-0.5133975466788199,-1.6202762521812968,0.9806642173245376,0.6967051526223386,0.7066770698807663,-5,3,0,3,0,6,3,2,4,6,5,5,5,4,3,5,1,1,1,0,2,4,6,4,1,3,3,2,1,-2.2210805,-2.08029
-0.6286165760310038,0.18226308567730462,-1.6202762521812968,1.6301107188639665,-0.9861575348712327,1.570585468268011,-5,1,0,0,2,1,0,0,0,2,0,0,0,0,0,0,0,6,6,6,5,4,4,6,6,6,2,4,6,-0.60901284,-0.13903129
-0.9607066218501528,0.5300934018553668,1.5279289010207047,0.6559409665548231,-0.5654418629978399,0.7066770698807663,5,2,1,3,2,1,1,1,0,5,3,0,1,1,0,0,3,3,1,5,3,4,3,4,6,6,3,4,4,4.849631,5.7768946
2.099471406536716,1.2257540342114912,-0.04617367558029606,1.6301107188639665,1.5381364963691242,-0.1572313285064785,5,1,6,3,2,3,3,0,4,3,4,0,0,3,6,3,1,0,0,0,5,5,3,0,1,2,0,5,3,4.0918946,3.2822235
-0.5742387080043941,-0.1655672305007576,-1.0955753933142964,0.006494465015394151,-0.9861575348712327,-0.5891855277001009,0,4,1,1,1,0,0,0,3,0,0,0,2,3,0,1,0,3,4,3,5,5,2,2,5,4,4,2,4,5.114557,1.0020084
0.5296146561601359,-0.1655672305007576,-1.0955753933142964,0.9806642173245376,-0.5654418629978399,0.7066770698807663,0,2,1,0,1,2,3,2,0,5,1,0,2,1,2,3,0,1,3,2,5,4,3,6,4,5,4,3,4,1.8139367,-0.56567156
0.48766935336223466,-0.1655672305007576,-1.0955753933142964,-1.6171217888331784,-0.14472619112444707,0.2747228706871439,5,3,3,3,5,1,3,2,1,1,4,5,5,3,0,3,2,2,4,3,5,4,6,6,6,4,4,0,4,2.908095,2.9876504
-1.5415650968131545,1.2257540342114912,1.5279289010207047,-1.6171217888331784,-0.14472619112444707,1.1386312690743887,0,2,1,0,0,1,1,0,2,0,2,2,2,0,0,2,1,4,6,2,5,5,3,6,5,3,2,4,4,1.7928234,1.186643
0.4218831365088787,1.2257540342114912,1.5279289010207047,0.3312177157851086,0.27598948074894575,-0.5891855277001009,-5,2,0,2,2,0,2,1,3,2,3,1,0,0,4,1,3,3,3,1,2,6,3,2,4,3,0,6,5,-0.7360471,-0.18308473
1.720578792593102,1.5735843503895535,1.5279289010207047,0.6559409665548231,-0.9861575348712327,1.570585468268011,-5,3,5,6,2,2,3,2,0,3,0,4,3,2,3,3,6,1,0,0,2,4,0,0,0,0,0,2,6,-0.86541545,-1.1668847
1.9174583595992747,1.5735843503895535,0.4785271832867041,-0.9676752872937493,-1.4068732067446255,1.1386312690743887,5,2,2,4,3,2,0,4,5,5,4,4,5,3,0,4,3,1,4,0,4,5,5,1,4,0,3,0,4,3.4863145,3.9647722
0.3223425591669255,-0.1655672305007576,-1.0955753933142964,0.006494465015394151,1.5381364963691242,1.1386312690743887,0,3,4,0,3,4,6,2,6,6,4,2,5,2,4,6,4,2,1,1,2,3,5,2,1,5,0,2,4,-0.75461996,0.9288572
-0.029053147031582422,0.5300934018553668,-0.5708745344472963,0.006494465015394151,0.6967051526223386,0.7066770698807663,5,0,3,1,2,1,2,5,2,3,3,5,4,3,0,5,4,3,6,4,4,5,0,5,4,5,3,4,4,5.0331526,5.20392
-0.8225208742939393,0.5300934018553668,-1.0955753933142964,-0.6429520365240348,-0.5654418629978399,1.570585468268011,0,5,1,6,0,2,0,2,0,0,1,4,4,1,1,1,1,3,6,6,3,4,4,5,6,6,3,2,4,1.4196222,1.3815674
-1.071386830163758,1.2257540342114912,-1.6202762521812968,-0.9676752872937493,1.5381364963691242,-0.1572313285064785,0,0,2,0,0,0,0,0,0,0,0,5,0,3,2,2,0,5,5,6,5,4,3,6,6,6,6,1,4,1.9392694,1.3806541
-0.37128006500709665,0.18226308567730462,-1.0955753933142964,-1.6171217888331784,-1.4068732067446255,-0.5891855277001009,5,2,0,0,4,0,0,2,1,0,0,1,0,0,3,1,0,2,1,4,4,6,6,4,4,5,1,1,0,5.9791055,1.7783947
0.6049155778318356,0.5300934018553668,-0.5708745344472963,-1.2923985380634637,-0.14472619112444707,-1.0211397268937232,5,0,1,0,0,1,0,2,1,5,3,3,2,1,1,0,0,6,4,2,5,6,5,2,3,1,4,3,1,4.7889924,2.0825114
-0.09054869261112772,0.18226308567730462,-1.6202762521812968,-0.31822878575432034,-1.4068732067446255,0.2747228706871439,5,3,1,0,0,0,0,2,6,0,2,0,0,0,2,4,0,4,4,4,5,5,6,6,6,4,3,1,2,5.3021407,2.7893782
-0.5248668324921039,0.8779237180334291,1.5279289010207047,-0.31822878575432034,0.6967051526223386,-1.4530939260873457,0,0,2,0,1,1,0,0,1,2,1,4,2,0,1,4,0,2,2,5,5,2,6,5,5,5,2,6,2,2.9307504,0.63843316
0.02463411546519202,-0.1655672305007576,1.5279289010207047,-1.6171217888331784,1.5381364963691242,0.7066770698807663,5,6,1,6,4,6,3,3,4,3,6,4,2,3,2,6,6,2,4,2,2,4,2,1,0,5,3,4,4,2.983725,3.3983192
-0.6884060747742681,0.5300934018553668,-1.0955753933142964,-0.9676752872937493,-0.9861575348712327,-0.5891855277001009,5,0,1,1,0,0,0,0,1,3,0,0,2,0,0,4,0,1,6,6,5,6,5,6,4,5,3,2,4,4.6431355,3.942158
0.39499321254454167,-0.861227862856882,1.0032280421537043,0.3312177157851086,1.5381364963691242,-0.5891855277001009,-5,5,3,3,5,5,3,6,4,2,2,4,5,4,4,6,3,1,1,2,2,5,0,0,2,1,3,4,4,-0.80462253,-1.9246899
1.3027309437375003,1.2257540342114912,1.5279289010207047,1.305387468094252,-1.4068732067446255,-1.4530939260873457,5,0,1,1,0,2,0,0,4,0,1,2,2,1,0,1,0,4,1,1,4,5,2,4,0,0,0,2,5,2.282665,2.5281014
0.22694788956057288,-0.1655672305007576,0.4785271832867041,-0.6429520365240348,-0.5654418629978399,-1.4530939260873457,-5,0,1,3,5,0,2,0,2,0,3,0,5,3,2,0,0,4,3,3,4,4,3,4,3,2,1,6,4,-1.1241323,-1.4424415
-0.11968401435999254,-0.1655672305007576,-1.6202762521812968,0.006494465015394151,0.27598948074894575,-1.4530939260873457,-5,0,0,1,0,0,0,2,0,6,0,4,3,2,0,0,0,4,4,4,2,5,5,6,4,5,3,4,2,1.7428702,-0.43286157
0.44976405600761415,-1.2090581790349442,-0.04617367558029606,-0.9676752872937493,1.1174208244957313,-0.5891855277001009,-5,2,2,2,3,4,3,5,3,3,4,3,6,4,3,3,3,2,1,0,2,4,6,0,3,1,0,1,4,-0.63231826,-3.2168217
-0.1351673691405231,-1.2090581790349442,1.0032280421537043,-1.6171217888331784,-0.9861575348712327,0.7066770698807663,5,5,1,6,4,6,3,4,4,2,6,4,4,3,4,3,0,4,3,2,2,2,5,5,3,2,2,1,4,2.0300584,3.3685842
0.11932073058811991,0.18226308567730462,-0.5708745344472963,0.9806642173245376,0.27598948074894575,-0.1572313285064785,0,3,3,1,2,0,0,1,6,1,1,0,5,1,4,4,3,2,2,2,4,0,6,6,4,4,3,3,4,3.223745,1.2913399
-1.2955164549500244,-0.861227862856882,-1.0955753933142964,-1.6171217888331784,-0.5654418629978399,-0.1572313285064785,-5,2,2,0,0,0,0,0,4,2,1,0,2,0,2,0,3,6,6,4,4,4,4,6,3,6,4,6,0,0.009023786,-1.0015448
-0.5867708399438165,1.5735843503895535,-0.5708745344472963,0.3312177157851086,-0.14472619112444707,-1.4530939260873457,5,0,0,0,0,0,0,0,0,0,1,0,0,1,1,3,0,3,4,4,4,4,6,5,3,5,0,0,4,5.7672496,2.6903868
-1.0740477150492245,0.18226308567730462,-0.5708745344472963,-0.6429520365240348,0.27598948074894575,-1.4530939260873457,5,0,0,0,0,2,0,0,0,0,3,0,0,0,0,0,0,5,4,6,5,6,4,5,3,6,4,4,2,4.3973775,2.809993
-0.07804577260105981,0.5300934018553668,-0.5708745344472963,0.9806642173245376,0.27598948074894575,-1.4530939260873457,5,0,0,0,0,1,0,1,0,1,0,0,0,2,0,1,0,4,6,3,2,5,5,4,6,6,0,5,4,5.3940783,3.7564354
1.6974395483695035,-0.1655672305007576,1.0032280421537043,0.3312177157851086,0.27598948074894575,-1.0211397268937232,-5,3,5,0,2,5,0,3,3,3,3,4,6,4,4,6,3,2,0,2,4,4,3,0,0,2,1,1,4,-1.3446,-1.5903314
1.1407629815646814,1.5735843503895535,-1.0955753933142964,-0.6429520365240348,-1.4068732067446255,0.2747228706871439,5,0,2,2,1,2,0,2,1,1,2,2,2,1,0,0,2,2,6,3,4,6,3,4,2,4,3,1,4,3.0368962,2.970587
0.7175527060798318,-1.2090581790349442,1.0032280421537043,0.006494465015394151,1.5381364963691242,1.570585468268011,5,6,5,5,6,4,6,4,5,6,6,6,6,4,6,3,6,0,1,4,0,1,0,1,1,5,2,6,1,3.4600105,4.3856907
1.2798986025227024,-0.861227862856882,-0.5708745344472963,0.6559409665548231,0.27598948074894575,1.570585468268011,-5,5,5,6,6,6,3,4,6,5,4,3,2,4,4,6,5,1,1,0,0,3,2,4,4,0,2,1,4,-2.9072604,-0.543053
1.5214869448692463,0.18226308567730462,-0.5708745344472963,-1.6171217888331784,-0.14472619112444707,0.2747228706871439,0,2,5,1,2,4,0,2,6,4,6,4,5,3,5,4,4,1,1,0,4,4,3,5,2,3,1,1,3,0.39570323,1.2739415
-0.6110447392626837,-0.5133975466788199,1.0032280421537043,0.6559409665548231,-0.5654418629978399,1.570585468268011,0,2,3,3,3,4,3,2,4,2,4,4,4,0,2,6,3,1,1,4,4,2,0,5,6,3,2,0,0,-0.38696718,0.83174044
0.9360373451524557,1.5735843503895535,-1.0955753933142964,1.6301107188639665,0.6967051526223386,0.7066770698807663,-5,2,1,3,2,2,0,2,5,0,0,2,0,2,4,0,0,1,1,1,2,4,3,2,3,2,1,5,4,0.3658296,-4.1492653
-0.3433647310043487,1.5735843503895535,-0.04617367558029606,1.305387468094252,-0.9861575348712327,-0.5891855277001009,0,1,1,0,1,1,0,1,0,0,0,0,0,0,0,0,0,2,1,3,4,6,3,6,5,6,2,4,4,4.776729,0.028063655
1.2824767274830147,-1.5568884952130064,-1.0955753933142964,0.3312177157851086,0.6967051526223386,1.1386312690743887,0,3,6,4,4,2,3,6,6,4,6,4,5,4,5,6,4,2,1,2,3,4,3,1,5,0,3,1,2,-0.22110753,1.1041957
-0.9067767798654315,0.18226308567730462,1.5279289010207047,1.305387468094252,0.27598948074894575,1.570585468268011,-5,3,3,1,2,0,0,2,4,0,2,4,3,3,1,3,0,2,0,3,0,1,3,4,5,6,2,4,1,-1.2771964,-0.25822318
-1.049127269578533,-1.5568884952130064,-1.6202762521812968,-0.6429520365240348,1.5381364963691242,0.7066770698807663,0,3,4,4,3,3,2,4,5,4,2,4,1,2,4,1,3,2,4,6,4,2,5,6,4,6,3,5,3,0.43873906,2.252833
-0.42687860433027247,-0.1655672305007576,-0.5708745344472963,-0.31822878575432034,-1.4068732067446255,-0.1572313285064785,-5,0,2,1,0,0,0,0,2,1,0,0,0,1,3,4,2,5,6,5,4,6,5,6,4,4,2,6,2,-0.081495166,-0.7179111
-1.2598065433182317,-0.861227862856882,-0.04617367558029606,0.006494465015394151,1.5381364963691242,1.1386312690743887,-5,0,0,5,3,0,2,3,6,3,4,6,0,4,4,3,0,2,6,4,2,3,3,6,5,5,4,4,3,-1.3979192,-4.032649
1.273624637494044,-1.5568884952130064,1.0032280421537043,-0.6429520365240348,-0.14472619112444707,1.1386312690743887,-5,6,5,6,5,6,5,4,6,6,6,6,5,4,6,6,6,0,0,0,2,0,0,1,1,5,3,0,3,-3.943618,-0.49558544
0.004523748314949425,0.5300934018553668,0.4785271832867041,-0.31822878575432034,-0.5654418629978399,-1.4530939260873457,5,2,1,0,0,0,1,1,0,2,4,0,5,0,1,1,2,2,4,4,4,5,3,5,0,5,3,4,2,4.612154,1.1822393
1.2638549729180606,-1.5568884952130064,-0.04617367558029606,-1.2923985380634637,1.1174208244957313,-1.4530939260873457,5,5,3,5,4,4,3,4,6,4,5,0,6,4,3,6,4,1,1,0,1,0,3,2,3,4,1,1,2,0.53333354,2.6873856
1.868058208923575,0.8779237180334291,-0.5708745344472963,-0.6429520365240348,0.6967051526223386,0.7066770698807663,5,3,4,3,5,5,1,6,5,0,5,6,5,4,4,6,5,1,1,2,2,4,0,1,0,1,2,4,2,1.5510508,2.7049253
1.4352282999037234,0.5300934018553668,1.0032280421537043,-1.2923985380634637,0.27598948074894575,0.7066770698807663,0,4,4,4,3,4,3,5,6,6,4,6,4,3,4,6,4,2,0,0,2,4,6,0,0,6,0,1,2,-0.58329844,-0.20123434
0.1972433375803968,-1.2090581790349442,1.5279289010207047,-0.6429520365240348,-1.4068732067446255,-0.5891855277001009,-5,1,3,4,2,2,2,0,2,1,4,3,2,4,2,5,4,2,1,2,2,4,0,2,2,5,3,4,3,-1.8644404,-1.2034866
0.3775729541511766,0.8779237180334291,1.5279289010207047,-1.6171217888331784,-1.4068732067446255,1.570585468268011,0,1,2,1,3,6,2,2,3,3,0,1,2,3,3,6,3,2,3,3,2,4,1,4,3,5,3,4,2,0.3298841,1.1471786
-1.0779247242302898,-1.2090581790349442,-1.0955753933142964,0.6559409665548231,-1.4068732067446255,-0.1572313285064785,5,0,0,0,0,0,0,2,0,4,0,0,0,4,1,0,0,4,3,5,5,5,4,6,3,6,3,4,4,4.167943,3.205129
0.43025489515819576,-0.1655672305007576,0.4785271832867041,0.3312177157851086,-0.5654418629978399,0.7066770698807663,0,2,1,2,4,2,3,2,6,1,1,4,3,3,5,4,6,1,2,0,2,4,3,3,3,5,2,2,4,-0.1412226,1.518753
1.0549045441621765,1.5735843503895535,-1.0955753933142964,1.305387468094252,-0.14472619112444707,-0.5891855277001009,-5,3,1,1,0,3,0,1,0,0,0,0,4,0,3,3,0,3,1,0,5,6,5,5,0,2,1,2,4,-0.5590544,-2.8847752
-0.2877374926015459,-0.861227862856882,0.4785271832867041,0.6559409665548231,-0.14472619112444707,-1.0211397268937232,5,0,1,4,0,2,0,2,3,6,1,2,1,2,2,2,3,3,1,3,3,4,2,4,4,5,4,6,4,3.2457018,2.2806406
-0.2018234286528476,-1.5568884952130064,-0.04617367558029606,0.6559409665548231,1.1174208244957313,0.2747228706871439,0,4,4,3,3,2,3,2,5,2,3,6,5,5,4,5,4,0,1,4,2,0,3,5,2,4,1,2,4,-0.77007264,0.24212569
1.1889563579389297,-0.1655672305007576,-0.04617367558029606,-0.9676752872937493,1.1174208244957313,0.2747228706871439,5,3,3,2,3,2,4,5,6,5,3,6,3,3,0,6,5,1,5,2,1,4,0,2,0,0,0,2,2,3.40684,4.2569375
0.8319377121320537,-0.5133975466788199,1.0032280421537043,0.006494465015394151,1.1174208244957313,0.2747228706871439,0,3,4,3,4,4,4,3,6,5,5,5,5,5,3,3,6,0,0,0,2,1,2,2,2,1,0,1,2,-2.016233,1.1410509
0.08583915638557553,0.5300934018553668,-1.6202762521812968,-1.6171217888331784,1.5381364963691242,-0.1572313285064785,-5,2,5,1,6,2,0,1,1,1,4,3,2,3,3,2,4,2,6,2,3,4,3,6,4,3,3,2,4,0.5314865,-2.075646
-1.7698785880513999,-1.5568884952130064,-0.04617367558029606,-0.31822878575432034,-0.9861575348712327,0.2747228706871439,0,0,1,0,2,0,1,4,3,0,0,2,0,0,1,3,5,6,4,6,4,5,3,6,6,5,4,6,6,1.5027051,0.759171
-1.4080214119391692,-0.1655672305007576,-0.04617367558029606,1.6301107188639665,-0.9861575348712327,-1.0211397268937232,5,1,0,0,0,0,0,0,4,0,0,0,0,2,0,1,1,3,4,4,4,4,3,6,5,6,3,5,4,6.222681,3.9408333
-1.4740956846809354,-0.5133975466788199,-1.0955753933142964,-1.6171217888331784,-1.4068732067446255,1.570585468268011,-5,2,1,4,2,0,1,0,1,2,3,2,0,0,0,2,0,6,6,6,4,5,4,6,6,6,5,2,2,1.7522614,-1.2344716
0.5263810943290991,-0.5133975466788199,-1.6202762521812968,0.6559409665548231,1.5381364963691242,1.570585468268011,0,3,6,5,2,0,6,4,6,5,4,5,4,3,4,5,2,2,1,2,3,2,1,6,4,6,1,3,4,0.35283116,1.5715008
0.13631807486840875,1.5735843503895535,1.0032280421537043,1.305387468094252,-1.4068732067446255,-0.1572313285064785,0,0,0,1,0,1,0,1,0,4,1,2,1,0,2,0,3,1,1,2,5,6,2,2,2,5,2,5,5,1.4646136,0.2569878
0.9252840259637127,0.18226308567730462,0.4785271832867041,0.6559409665548231,-0.5654418629978399,-0.1572313285064785,0,4,2,3,4,1,0,2,4,0,2,1,1,2,0,4,0,1,0,0,2,5,3,3,2,1,0,2,5,-1.2700527,2.0765023
0.08488563995306378,-0.861227862856882,1.0032280421537043,0.006494465015394151,0.6967051526223386,-1.4530939260873457,-5,3,2,1,3,2,0,2,2,4,2,6,3,3,3,1,4,1,1,1,4,1,2,3,3,4,1,6,0,-0.75661504,-0.05659914
-0.41415765176309066,0.18226308567730462,-0.04617367558029606,-0.9676752872937493,1.5381364963691242,-0.5891855277001009,-5,2,0,2,1,1,0,2,1,0,4,3,4,2,2,4,3,3,2,0,5,4,3,2,4,6,3,4,4,-0.7292863,-0.35987675
-0.7139932569474833,-0.861227862856882,1.0032280421537043,0.6559409665548231,0.6967051526223386,0.2747228706871439,5,0,2,5,2,2,2,0,3,2,3,5,5,3,2,1,1,1,1,3,1,3,0,5,3,4,3,2,4,3.6228273,2.8719802
-1.831957929909409,0.5300934018553668,-1.0955753933142964,0.3312177157851086,-1.4068732067446255,-0.5891855277001009,5,0,0,0,0,0,0,0,0,0,0,0,0,0,0,0,0,6,6,6,5,6,5,6,6,6,4,4,5,6.8164682,3.7215478
-0.6612704912020558,0.8779237180334291,1.0032280421537043,-0.9676752872937493,-1.4068732067446255,-1.0211397268937232,5,0,0,0,0,0,2,3,0,0,0,0,0,0,0,0,0,1,1,2,5,5,3,2,3,5,3,2,4,4.7552996,4.4545994
-2.8670497380247344,-1.2090581790349442,-0.04617367558029606,1.6301107188639665,1.1174208244957313,1.1386312690743887,5,0,0,1,2,0,0,0,0,0,1,0,1,0,3,2,0,6,6,6,3,5,5,6,6,6,4,5,2,4.6777744,4.405024
-2.238434070020726,-0.1655672305007576,1.0032280421537043,-1.6171217888331784,-0.14472619112444707,-0.5891855277001009,-5,0,0,1,0,0,0,1,0,0,1,0,0,0,1,0,0,6,5,6,2,5,2,6,6,6,4,3,5,-1.1939769,-2.4721937
0.807525891123445,1.2257540342114912,1.5279289010207047,1.6301107188639665,1.5381364963691242,-1.0211397268937232,0,2,0,0,3,0,2,2,3,1,4,2,0,4,2,3,1,1,1,2,4,4,3,0,2,0,1,5,4,3.6835127,0.44752115
0.6579609842247569,0.5300934018553668,-1.6202762521812968,0.6559409665548231,-0.14472619112444707,1.1386312690743887,-5,3,3,3,2,0,3,4,5,1,3,4,3,3,3,3,2,3,3,3,3,4,0,4,4,3,3,6,2,-0.8988686,-0.9413431
-0.9219020628840732,-1.2090581790349442,-1.6202762521812968,-0.9676752872937493,-0.5654418629978399,-1.0211397268937232,5,1,0,0,1,2,0,1,2,0,1,4,0,1,0,0,2,6,6,6,2,6,5,6,4,5,4,1,4,6.1035147,3.688596
0.3745667627050623,1.5735843503895535,-0.5708745344472963,-1.6171217888331784,-0.14472619112444707,-1.0211397268937232,-5,0,0,0,0,0,0,0,2,0,0,0,0,1,0,2,0,2,5,4,4,5,4,6,6,3,3,2,0,-0.3495764,-0.99953675
-0.5423977635216158,-0.5133975466788199,1.0032280421537043,-0.9676752872937493,-0.14472619112444707,1.570585468268011,-5,4,1,1,2,5,3,3,5,0,3,6,4,2,2,1,4,3,1,4,3,4,0,6,1,6,3,3,1,0.8386334,-0.9342435
0.7569214479793362,-1.5568884952130064,-0.04617367558029606,-1.6171217888331784,-1.4068732067446255,-0.1572313285064785,0,3,3,5,2,2,4,2,4,1,4,3,2,2,2,6,0,2,2,3,4,1,5,1,3,5,2,2,0,0.9885329,2.3069625
0.17512818519435258,1.5735843503895535,1.0032280421537043,1.305387468094252,-0.9861575348712327,-1.0211397268937232,0,1,0,0,2,0,0,0,3,1,3,0,0,0,0,0,4,2,1,1,4,5,6,3,4,6,0,5,4,3.9001682,-0.1889981
-0.08012491497571224,-0.5133975466788199,1.5279289010207047,0.9806642173245376,0.27598948074894575,0.2747228706871439,-5,2,3,3,0,3,3,4,1,5,4,4,1,1,4,3,2,3,0,0,5,1,2,2,1,4,2,1,5,-2.3331373,-1.7316922
0.6875575391594587,0.5300934018553668,-1.6202762521812968,0.9806642173245376,-0.9861575348712327,1.570585468268011,5,1,2,1,2,0,2,1,2,3,4,2,2,3,3,0,0,4,6,3,2,5,3,1,2,5,3,3,4,3.2126021,2.9827607
0.3953982634032228,1.5735843503895535,-1.0955753933142964,0.006494465015394151,-0.5654418629978399,0.7066770698807663,-5,2,2,0,0,0,1,2,0,6,4,4,4,0,2,3,2,2,3,4,4,6,5,5,5,5,1,2,5,0.5245458,-2.111132
2.314426588672155,-0.861227862856882,-0.5708745344472963,-0.6429520365240348,1.5381364963691242,-1.4530939260873457,5,4,6,5,5,3,4,3,4,6,6,5,5,4,3,4,5,1,1,0,4,3,2,0,0,0,0,0,0,3.0304203,4.103845
-0.043417446569733856,-0.1655672305007576,-0.04617367558029606,0.3312177157851086,1.5381364963691242,1.1386312690743887,0,3,2,3,3,2,2,3,5,4,5,4,3,3,3,6,4,2,1,3,2,4,2,5,5,5,1,2,4,-0.066128254,-1.3197072
-1.3284158449826613,-1.2090581790349442,-0.5708745344472963,-0.6429520365240348,0.6967051526223386,1.570585468268011,5,0,4,1,1,4,4,2,3,2,2,4,4,3,3,5,0,3,4,4,2,0,1,6,3,5,5,1,4,1.956321,3.647482
1.4381878288599432,-0.861227862856882,0.4785271832867041,-1.2923985380634637,-1.4068732067446255,1.1386312690743887,-5,5,4,1,2,3,2,4,6,4,4,6,5,3,3,6,1,3,0,1,4,4,0,2,0,2,2,4,4,-1.104987,-1.9246413
-1.112214924361944,-0.5133975466788199,1.0032280421537043,-0.9676752872937493,0.27598948074894575,-0.5891855277001009,5,1,3,0,1,1,2,1,4,1,1,1,3,3,2,0,3,3,4,2,5,4,3,5,6,6,5,6,4,4.014271,3.0545022
0.34158240035711135,0.8779237180334291,-0.04617367558029606,-0.31822878575432034,0.27598948074894575,1.1386312690743887,-5,2,4,1,1,0,1,0,5,5,1,4,2,0,4,1,4,2,1,2,0,5,4,5,2,3,2,2,4,0.009275198,-0.22973073
0.5678414168019407,-1.2090581790349442,0.4785271832867041,0.6559409665548231,1.1174208244957313,-1.4530939260873457,0,2,4,5,3,1,3,4,5,4,4,2,5,2,2,6,1,1,2,1,5,3,6,2,0,3,1,1,4,0.75426054,0.0392192
-0.23171031820459068,0.8779237180334291,-0.5708745344472963,0.6559409665548231,-0.5654418629978399,-1.4530939260873457,5,0,0,0,1,0,0,0,0,0,0,0,1,0,0,0,0,2,3,6,4,6,6,2,4,3,0,5,4,5.1919503,3.7733605
1.8234737948403932,1.5735843503895535,-1.6202762521812968,0.6559409665548231,-0.9861575348712327,-0.1572313285064785,0,6,1,1,2,1,0,2,2,2,3,4,1,1,0,3,0,2,2,1,4,6,5,1,2,1,2,4,1,1.501234,-0.013370156
-0.12075157052933075,1.5735843503895535,-1.0955753933142964,0.9806642173245376,-0.9861575348712327,1.570585468268011,0,0,2,0,0,0,4,1,1,0,0,6,0,3,2,2,1,3,5,4,5,4,4,6,6,6,3,4,3,2.344057,1.3435438
0.4632689476871646,0.18226308567730462,0.4785271832867041,-0.9676752872937493,-0.9861575348712327,1.1386312690743887,0,3,2,1,2,2,2,3,6,0,4,3,3,1,2,3,1,2,1,2,4,2,0,4,4,5,3,5,2,0.6650521,1.2564164
2.068669565252663,1.5735843503895535,-1.0955753933142964,0.9806642173245376,-0.9861575348712327,-1.0211397268937232,-5,2,3,0,1,2,4,3,0,0,0,1,2,0,4,2,1,1,1,1,5,5,5,1,0,2,1,1,4,0.36186677,-1.3084828
-0.6532145311097958,0.18226308567730462,1.5279289010207047,-1.2923985380634637,-0.5654418629978399,0.7066770698807663,0,0,2,2,2,2,1,2,0,3,0,0,2,1,2,4,1,3,3,3,0,4,0,4,6,4,2,4,4,1.9547181,0.5104035
1.8998648254935322,-1.2090581790349442,1.5279289010207047,-0.31822878575432034,1.5381364963691242,-1.4530939260873457,0,4,5,6,3,5,3,4,4,5,5,6,6,5,4,6,5,0,0,0,2,4,1,0,1,0,0,2,3,0.32547337,0.31011176
-0.6351346226345319,1.2257540342114912,-0.5708745344472963,1.6301107188639665,1.5381364963691242,0.2747228706871439,-5,2,1,0,0,2,0,0,5,1,1,2,0,3,1,1,0,4,2,3,3,2,5,6,3,5,3,4,4,0.14053789,-3.504865
0.0953050599906662,0.8779237180334291,-0.5708745344472963,-0.31822878575432034,-0.9861575348712327,-0.1572313285064785,0,0,1,0,0,2,4,1,0,1,1,3,1,0,2,2,0,3,1,4,4,5,5,6,2,5,2,6,5,3.0093844,-0.24080229
1.198189100313107,1.5735843503895535,-1.0955753933142964,0.3312177157851086,1.1174208244957313,-0.5891855277001009,0,2,1,0,1,1,0,2,0,2,1,4,1,1,2,2,1,1,1,2,2,5,5,2,2,3,2,2,4,0.52271545,1.9336143
-0.5705356719753424,0.8779237180334291,1.5279289010207047,1.305387468094252,-1.4068732067446255,0.2747228706871439,-5,0,0,0,2,0,0,2,2,4,1,0,2,0,0,0,0,6,0,0,4,6,6,3,4,6,1,6,4,-0.55938745,-0.9558974
1.3945931454124916,-0.1655672305007576,-1.0955753933142964,0.6559409665548231,0.27598948074894575,-1.0211397268937232,5,3,2,3,1,2,2,2,5,4,2,3,5,0,4,1,0,2,3,2,4,4,4,2,2,1,0,2,1,3.281603,4.886865
-1.30426391645529,-0.5133975466788199,-0.5708745344472963,-0.31822878575432034,-0.9861575348712327,1.570585468268011,5,1,2,1,0,4,0,1,0,2,1,3,1,0,5,3,0,5,6,2,4,4,3,6,4,6,6,4,6,5.2327914,3.5566792
-0.6516284270806714,-0.1655672305007576,0.4785271832867041,-0.6429520365240348,-0.14472619112444707,-0.1572313285064785,5,1,0,4,0,2,0,0,3,2,4,1,1,0,2,5,3,5,3,3,5,4,0,5,4,3,4,5,4,3.877785,1.90947
0.9848173006326579,-0.5133975466788199,-0.04617367558029606,1.6301107188639665,-0.14472619112444707,0.2747228706871439,-5,6,0,1,5,0,3,4,6,5,4,5,6,2,0,6,5,1,4,0,3,4,1,5,2,6,1,5,5,-2.2547617,-2.9551473
-1.276492794786765,-1.2090581790349442,-0.5708745344472963,-0.31822878575432034,-1.4068732067446255,-0.5891855277001009,-5,1,1,0,0,0,0,1,4,1,1,1,0,2,0,1,0,2,6,6,5,6,4,6,3,0,3,4,4,-1.0655519,-0.6546664
0.6264137346509802,-1.2090581790349442,-0.04617367558029606,-1.2923985380634637,-0.14472619112444707,-1.0211397268937232,5,3,0,3,2,2,2,3,6,1,4,2,5,3,3,5,0,1,6,2,2,3,1,6,5,1,0,0,4,2.7150073,1.1324344
-0.9837174106312213,1.2257540342114912,-1.6202762521812968,-1.2923985380634637,1.5381364963691242,-1.4530939260873457,5,0,0,0,3,0,0,0,0,0,0,0,0,2,0,0,1,5,6,5,3,4,5,2,6,6,4,2,4,4.71166,4.397278
-0.4912829021068615,-0.5133975466788199,0.4785271832867041,1.6301107188639665,-1.4068732067446255,0.7066770698807663,-5,3,0,1,0,2,0,0,1,0,2,5,3,1,3,0,1,4,2,2,2,4,3,1,1,3,3,6,4,-0.31325996,-0.7217245
0.007724984569060283,1.2257540342114912,-1.6202762521812968,0.3312177157851086,1.5381364963691242,1.570585468268011,0,2,4,2,2,1,2,2,4,1,5,0,3,2,3,4,0,2,4,4,5,5,4,2,5,5,4,0,2,2.4322622,2.0390425
0.16382164041230152,0.18226308567730462,1.0032280421537043,0.3312177157851086,-0.14472619112444707,-0.5891855277001009,-5,2,1,3,2,2,1,1,5,2,0,5,4,3,2,1,3,1,1,4,5,0,3,3,4,0,3,5,4,-1.4694746,-1.0122902
-2.1655078687828415,-1.5568884952130064,1.5279289010207047,0.006494465015394151,0.27598948074894575,0.2747228706871439,-5,2,0,1,0,2,2,0,3,5,3,4,4,0,3,6,4,4,6,5,2,5,6,5,5,6,5,6,4,-2.813346,-1.4911543
1.1210765255675592,1.5735843503895535,-0.04617367558029606,-1.6171217888331784,-1.4068732067446255,-0.5891855277001009,-5,0,1,3,2,0,0,0,0,1,1,0,1,2,1,1,3,0,1,0,5,4,4,4,3,6,0,6,0,-1.1833034,-1.9301866
0.48733734115432314,-0.1655672305007576,-0.04617367558029606,0.006494465015394151,1.5381364963691242,0.2747228706871439,0,0,2,3,3,4,3,3,6,5,4,0,4,3,3,6,4,2,3,1,3,1,0,4,3,4,2,2,0,-1.650555,1.4717652
1.3127083903390802,1.2257540342114912,-0.04617367558029606,1.305387468094252,1.5381364963691242,0.7066770698807663,0,0,4,6,4,3,3,2,3,5,4,1,5,0,2,6,3,2,1,0,2,1,3,2,1,2,1,4,2,1.7174866,2.1547208
0.7724641652730798,-1.2090581790349442,1.0032280421537043,0.3312177157851086,1.1174208244957313,-0.5891855277001009,0,3,1,6,3,3,5,5,5,6,6,3,5,3,4,2,5,1,1,3,3,0,0,1,1,3,4,5,2,-0.33234406,0.5799318
-0.06207771713950103,0.5300934018553668,-1.0955753933142964,0.3312177157851086,-0.5654418629978399,-1.4530939260873457,0,0,0,1,2,0,0,0,0,0,0,0,0,0,3,3,0,1,5,3,4,6,1,6,3,5,4,5,4,0.8820684,0.66805357
-0.1436381070482715,-1.2090581790349442,-1.6202762521812968,-0.9676752872937493,-0.14472619112444707,-1.4530939260873457,5,0,2,2,1,1,0,2,1,5,3,0,0,1,2,3,0,4,4,4,4,5,5,6,6,6,3,2,2,3.716622,4.5233164
-0.27095528814929365,1.2257540342114912,-0.5708745344472963,1.305387468094252,1.1174208244957313,0.2747228706871439,-5,0,0,1,4,2,0,1,0,0,1,3,0,2,0,5,1,1,6,2,5,5,4,5,5,3,3,5,1,0.47293192,0.34819782
1.3100023384041268,-1.5568884952130064,1.0032280421537043,0.6559409665548231,-0.9861575348712327,1.1386312690743887,5,5,6,6,4,4,6,5,6,3,5,4,4,5,4,6,4,0,1,0,1,1,0,0,0,1,2,4,4,1.6952698,4.4971027
-1.3995903093984254,-1.5568884952130064,-0.5708745344472963,-1.2923985380634637,0.27598948074894575,1.1386312690743887,-5,2,4,2,2,4,0,4,2,5,3,2,2,1,1,3,1,4,4,6,2,3,3,6,6,5,4,3,4,-0.9005374,-0.18388379
-0.8915369586334055,1.2257540342114912,-0.04617367558029606,0.006494465015394151,-0.9861575348712327,-0.5891855277001009,0,0,0,0,0,0,0,0,0,0,0,0,0,0,0,0,0,6,4,6,5,5,6,6,5,6,4,6,4,3.9221673,1.457274
-1.674762799608935,-1.5568884952130064,1.0032280421537043,0.006494465015394151,0.27598948074894575,-0.5891855277001009,-5,3,0,0,2,4,3,1,1,0,4,3,3,0,2,1,1,4,5,4,2,1,0,2,4,5,4,6,4,-1.5485737,-2.9785635
-1.393561728250906,-0.861227862856882,0.4785271832867041,0.3312177157851086,1.1174208244957313,-1.4530939260873457,-5,0,2,3,0,0,0,1,3,0,3,0,4,2,2,4,0,4,6,3,4,4,0,6,6,5,3,5,4,0.06641811,-2.4431117
0.9639382786272218,1.2257540342114912,1.5279289010207047,0.6559409665548231,0.6967051526223386,-1.0211397268937232,5,1,2,6,1,1,0,1,3,5,2,6,3,4,1,1,3,2,0,2,5,1,0,1,3,3,0,2,4,4.375179,4.4072537
1.1343894960220744,-0.1655672305007576,1.5279289010207047,-1.2923985380634637,-0.9861575348712327,-1.0211397268937232,0,4,5,1,2,2,2,2,6,3,0,0,6,3,4,4,4,2,1,0,3,4,1,1,0,6,0,4,2,0.71288073,-1.2936254
0.16516914760213258,1.2257540342114912,-1.6202762521812968,0.9806642173245376,-0.9861575348712327,-0.5891855277001009,0,2,0,0,0,0,3,1,0,0,4,2,0,1,0,1,0,3,2,4,5,6,3,4,4,5,2,2,2,4.0251045,0.5939362
0.507913320071799,-0.5133975466788199,1.0032280421537043,1.305387468094252,1.5381364963691242,1.1386312690743887,0,3,6,5,3,4,3,5,6,5,5,6,5,3,3,6,4,2,1,2,2,1,4,4,2,0,2,5,4,0.7144365,-0.33024406
-0.18927346543536575,-1.5568884952130064,-0.04617367558029606,0.9806642173245376,-0.14472619112444707,-0.5891855277001009,5,2,4,3,0,2,1,1,6,2,0,0,2,1,0,1,1,4,2,2,4,3,1,1,4,2,0,2,2,4.274475,3.455789
3.1552508938292276,-0.861227862856882,-1.6202762521812968,0.006494465015394151,0.27598948074894575,-1.0211397268937232,5,5,4,6,2,4,5,5,6,5,6,0,5,6,5,5,6,0,0,1,4,5,0,0,2,0,0,0,2,2.1129324,3.7534246
-0.5564574595242544,1.2257540342114912,0.4785271832867041,0.6559409665548231,-0.14472619112444707,1.570585468268011,5,0,2,3,3,2,3,0,0,4,0,0,2,2,0,1,1,0,2,2,5,5,4,5,4,2,3,2,4,3.215446,3.8445446
0.4026858396444067,-0.861227862856882,0.4785271832867041,-0.9676752872937493,-1.4068732067446255,-0.1572313285064785,0,0,1,1,2,2,2,1,6,4,2,6,0,3,2,0,1,1,0,2,2,4,3,5,4,2,3,1,4,1.0262575,1.0707619
0.2749346470792119,0.18226308567730462,-0.04617367558029606,0.9806642173245376,1.5381364963691242,0.7066770698807663,5,3,2,4,4,2,3,2,4,3,4,6,5,2,2,5,2,1,1,4,4,2,6,5,2,6,2,1,1,3.334075,5.8424544
-0.3049533743283168,-0.5133975466788199,-0.04617367558029606,-0.6429520365240348,1.1174208244957313,-0.1572313285064785,0,4,4,5,4,4,3,1,3,4,0,0,3,0,2,4,0,2,2,2,2,3,3,6,6,6,3,0,3,2.083716,0.9273892
0.03522455763293375,-0.861227862856882,-0.5708745344472963,-0.9676752872937493,-0.5654418629978399,-1.4530939260873457,5,0,3,1,0,1,1,2,4,0,2,0,2,2,0,4,1,1,4,4,5,4,6,5,4,1,2,0,4,4.9889383,2.7700002
1.4295816882360861,1.5735843503895535,-0.5708745344472963,0.006494465015394151,-0.14472619112444707,-1.4530939260873457,-5,0,0,1,0,0,0,0,0,5,1,0,6,1,2,3,1,2,0,1,4,6,0,2,3,3,0,2,4,-1.0376207,-1.2109154
0.6950587671101643,-0.1655672305007576,-0.5708745344472963,-0.9676752872937493,0.27598948074894575,1.1386312690743887,0,3,2,3,3,2,2,2,6,5,5,5,4,6,3,4,3,2,1,2,2,3,6,1,3,1,2,1,4,-0.17124617,0.41184354
-0.9711808563913823,1.5735843503895535,1.0032280421537043,0.9806642173245376,-0.9861575348712327,1.1386312690743887,0,0,0,0,0,0,0,0,0,0,4,0,2,0,0,0,0,4,1,4,5,5,3,4,3,5,3,1,4,1.8178389,1.1018312
1.0533165285400004,-1.5568884952130064,-1.6202762521812968,0.3312177157851086,-1.4068732067446255,0.7066770698807663,-5,4,4,3,3,2,3,3,3,5,4,6,5,3,4,4,5,3,1,3,3,0,6,1,6,6,3,0,4,-2.353036,-0.7486596
0.7627610376416971,0.8779237180334291,0.4785271832867041,0.9806642173245376,-0.14472619112444707,0.7066770698807663,0,3,3,1,2,4,4,2,2,0,1,4,0,1,2,4,3,0,1,2,2,2,3,3,0,1,0,4,2,1.9816085,0.27443874
0.400026922647712,0.8779237180334291,-0.04617367558029606,-0.31822878575432034,0.27598948074894575,-1.0211397268937232,0,1,1,4,1,1,0,1,1,2,0,1,1,0,1,3,0,1,1,3,4,4,2,1,3,5,3,4,3,2.6514115,-0.20887268
-0.37870574457276723,0.8779237180334291,-0.5708745344472963,-1.6171217888331784,0.27598948074894575,-0.5891855277001009,0,1,1,0,1,1,0,1,0,0,2,3,2,1,3,0,0,3,1,2,4,3,5,6,3,6,2,2,4,2.9093184,0.4738047
1.1200435968394482,0.18226308567730462,1.0032280421537043,-0.9676752872937493,1.5381364963691242,0.2747228706871439,0,3,3,5,4,3,4,3,3,6,4,5,5,3,4,6,2,0,0,0,1,2,5,2,2,3,1,4,4,0.38142833,-0.49721074
